ea_id,com_roadtype,com_vehicles,com_bus,com_urbancenter,com_dailymrkt,com_weeklymrkt,com_postoffice,com_publicphone,com_distprimary,com_classrooms,com_schoolelec,com_medicines,com_clinic,com_distclinic,com_bank
10101016,GRADED GRAVELED,YES,Yes,No,No,Yes,No,NO,,Yes,No,No,No,21 to 25 kilometers,No
10101204,GRADED GRAVELED,YES,Yes,No,No,No,No,NO,5 and above kilometers,Yes,No,Yes,No,6 to 10 kilometers,No
10101215,GRADED GRAVELED,NO,No,No,No,No,No,NO,Under 2 kilometers,No,No,No,No,0 to 5 kilometes,No
10101219,DIRT ROAD (MAINTAINED),YES,No,No,No,Yes,Yes,NO,,Yes,No,No,Yes,,No
10101355,GRADED GRAVELED,YES,Yes,No,No,No,No,NO,,No,No,No,No,11 to 15 kilometers,No
10101374,GRADED GRAVELED,YES,Yes,No,No,Yes,No,NO,,Yes,No,No,No,11 to 15 kilometers,No
10101470,GRADED GRAVELED,YES,No,No,No,No,No,NO,,No,No,Yes,No,0 to 5 kilometes,No
10101562,GRADED GRAVELED,YES,Yes,No,No,No,No,NO,5 and above kilometers,Yes,No,No,Yes,,No
10101568,GRADED GRAVELED,NO,No,No,No,No,No,NO,,No,No,No,No,0 to 5 kilometes,No
10101706,GRADED GRAVELED,YES,No,No,No,No,No,NO,,No,No,No,No,6 to 10 kilometers,No
10102004,GRADED GRAVELED,YES,Yes,No,No,No,No,NO,Under 2 kilometers,Yes,No,No,No,Above 30 kilometers,No
10102379,DIRT ROAD (MAINTAINED),NO,No,No,No,No,No,NO,,No,No,No,No,11 to 15 kilometers,No
10102621,DIRT ROAD (MAINTAINED),YES,No,No,No,No,No,NO,Under 2 kilometers,Yes,No,No,No,16 to 20 kilometers,No
10103414,GRADED GRAVELED,NO,Yes,No,No,No,No,NO,Under 2 kilometers,Yes,No,No,No,0 to 5 kilometes,No
10103452,GRADED GRAVELED,YES,Yes,No,No,No,No,NO,,Yes,No,No,No,16 to 20 kilometers,No
10103681,DIRT ROAD (MAINTAINED),YES,Yes,No,No,No,No,NO,Under 2 kilometers,No,No,No,No,16 to 20 kilometers,No
10104150,GRADED GRAVELED,YES,No,No,No,No,No,NO,,No,No,Yes,No,21 to 25 kilometers,No
10104351,GRADED GRAVELED,YES,Yes,No,No,No,No,NO,,No,No,No,No,11 to 15 kilometers,No
10104440,GRADED GRAVELED,YES,Yes,No,No,No,No,NO,,No,No,No,No,0 to 5 kilometes,No
10105352,DIRT ROAD (MAINTAINED),YES,No,No,No,No,No,NO,Under 2 kilometers,No,No,No,No,0 to 5 kilometes,No
10105511,DIRT ROAD (MAINTAINED),YES,Yes,No,No,Yes,No,NO,,No,No,No,No,26 to 30 kilometers,No
10105513,GRADED GRAVELED,YES,No,No,No,No,No,NO,,Yes,No,No,No,0 to 5 kilometes,No
10120286,GRADED GRAVELED,YES,Yes,No,No,No,No,NO,Under 2 kilometers,No,No,No,No,0 to 5 kilometes,No
10120288,DIRT TRACK,NO,No,No,No,No,No,NO,3 to 5 kilometers,Yes,Yes,No,No,0 to 5 kilometes,No
10201137,TAR/ASPHALT,YES,Yes,No,No,Yes,No,NO,,Yes,No,Yes,No,0 to 5 kilometes,No
10201210,DIRT TRACK,NO,No,No,No,No,No,NO,Under 2 kilometers,Yes,No,No,No,0 to 5 kilometes,No
10201247,GRADED GRAVELED,YES,No,No,No,No,No,NO,Under 2 kilometers,Yes,No,No,No,6 to 10 kilometers,No
10201442,DIRT TRACK,NO,No,No,No,No,No,NO,,Yes,No,No,No,11 to 15 kilometers,No
10201688,TAR/ASPHALT,YES,Yes,No,No,No,No,NO,,No,No,No,No,0 to 5 kilometes,No
10202195,DIRT TRACK,NO,No,No,No,No,No,NO,,No,No,No,No,0 to 5 kilometes,No
10202514,DIRT TRACK,YES,No,No,No,No,No,NO,Under 2 kilometers,Yes,No,No,No,0 to 5 kilometes,No
10203013,GRADED GRAVELED,YES,Yes,No,No,No,No,NO,Under 2 kilometers,Yes,No,No,No,11 to 15 kilometers,No
10203085,TAR/ASPHALT,YES,Yes,No,No,No,No,NO,,Yes,No,No,No,6 to 10 kilometers,No
10203176,GRADED GRAVELED,YES,No,No,No,No,No,NO,,No,No,No,No,0 to 5 kilometes,No
10203221,DIRT ROAD (MAINTAINED),YES,No,No,No,No,No,NO,,Yes,No,No,No,6 to 10 kilometers,No
10203623,DIRT TRACK,NO,No,No,No,No,No,NO,5 and above kilometers,No,No,No,No,Above 30 kilometers,No
10203744,TAR/ASPHALT,YES,Yes,No,No,No,No,NO,5 and above kilometers,Yes,Yes,No,No,11 to 15 kilometers,No
10204101,DIRT ROAD (MAINTAINED),NO,No,No,No,No,No,NO,Under 2 kilometers,Yes,No,No,No,0 to 5 kilometes,No
10204322,TAR/ASPHALT,YES,Yes,No,No,No,No,NO,Under 2 kilometers,Yes,No,Yes,Yes,,No
10204453,TAR/ASPHALT,YES,Yes,No,No,No,No,NO,Under 2 kilometers,Yes,No,No,No,0 to 5 kilometes,No
10204586,TAR/ASPHALT,YES,Yes,No,No,No,No,NO,,Yes,No,Yes,Yes,,No
10204723,TAR/ASPHALT,YES,Yes,No,No,No,No,NO,,Yes,No,Yes,Yes,,No
10205202,TAR/ASPHALT,YES,Yes,No,No,No,No,NO,Under 2 kilometers,Yes,No,Yes,No,21 to 25 kilometers,No
10205507,DIRT ROAD (MAINTAINED),YES,No,No,No,No,No,NO,,Yes,No,No,No,11 to 15 kilometers,No
10220027,TAR/ASPHALT,YES,No,No,No,No,No,NO,Under 2 kilometers,Yes,No,No,No,0 to 5 kilometes,No
10220103,TAR/ASPHALT,YES,Yes,No,No,No,No,NO,Under 2 kilometers,Yes,No,No,No,0 to 5 kilometes,No
10220521,TAR/ASPHALT,YES,Yes,No,No,No,No,NO,Under 2 kilometers,Yes,No,Yes,No,0 to 5 kilometes,No
10220705,TAR/ASPHALT,YES,Yes,No,No,No,No,NO,Under 2 kilometers,Yes,Yes,Yes,No,0 to 5 kilometes,No
10301026,TAR/ASPHALT,YES,Yes,No,Yes,Yes,No,YES,3 to 5 kilometers,Yes,No,Yes,No,26 to 30 kilometers,No
10301306,TAR/ASPHALT,YES,Yes,No,No,No,No,YES,Under 2 kilometers,No,No,Yes,No,11 to 15 kilometers,No
10301347,GRADED GRAVELED,YES,No,No,No,No,No,NO,Under 2 kilometers,No,Yes,Yes,Yes,,No
10301663,GRADED GRAVELED,YES,Yes,No,No,No,No,NO,Under 2 kilometers,Yes,Yes,Yes,No,6 to 10 kilometers,No
10301741,GRADED GRAVELED,YES,Yes,No,Yes,Yes,No,YES,Under 2 kilometers,No,No,Yes,No,6 to 10 kilometers,No
10302010,TAR/ASPHALT,YES,Yes,No,Yes,Yes,No,NO,Under 2 kilometers,Yes,No,Yes,No,6 to 10 kilometers,No
10303454,TAR/ASPHALT,YES,Yes,No,Yes,Yes,No,YES,Under 2 kilometers,Yes,No,Yes,No,6 to 10 kilometers,No
10304012,GRADED GRAVELED,NO,Yes,No,Yes,Yes,No,NO,Under 2 kilometers,Yes,No,Yes,No,0 to 5 kilometes,No
10304360,TAR/ASPHALT,YES,Yes,No,Yes,Yes,Yes,YES,Under 2 kilometers,Yes,No,Yes,Yes,,No
10304625,DIRT ROAD (MAINTAINED),NO,No,No,No,No,No,NO,Under 2 kilometers,No,No,Yes,No,6 to 10 kilometers,No
10305446,TAR/ASPHALT,YES,Yes,No,Yes,Yes,Yes,NO,Under 2 kilometers,No,No,Yes,Yes,,No
10306417,TAR/ASPHALT,YES,Yes,No,No,No,No,NO,3 to 5 kilometers,Yes,No,Yes,No,16 to 20 kilometers,No
10306431,GRADED GRAVELED,NO,No,No,No,No,No,NO,Under 2 kilometers,Yes,No,Yes,No,16 to 20 kilometers,No
10307413,TAR/ASPHALT,YES,Yes,No,Yes,Yes,No,NO,Under 2 kilometers,Yes,No,Yes,Yes,,No
10308129,TAR/ASPHALT,YES,Yes,No,Yes,No,No,YES,Under 2 kilometers,Yes,No,Yes,No,6 to 10 kilometers,No
10308636,GRADED GRAVELED,NO,No,No,No,No,No,NO,Under 2 kilometers,No,No,Yes,No,11 to 15 kilometers,No
10309273,DIRT TRACK,NO,No,No,No,No,No,NO,3 to 5 kilometers,No,No,No,No,11 to 15 kilometers,No
10309281,DIRT ROAD (MAINTAINED),NO,Yes,No,No,No,Yes,NO,Under 2 kilometers,No,No,Yes,Yes,,No
10310469,GRADED GRAVELED,YES,Yes,No,Yes,Yes,No,YES,Under 2 kilometers,Yes,No,Yes,No,26 to 30 kilometers,No
10312048,TAR/ASPHALT,YES,Yes,No,Yes,No,No,NO,3 to 5 kilometers,Yes,No,Yes,No,6 to 10 kilometers,No
10312078,TAR/ASPHALT,YES,Yes,No,Yes,Yes,No,YES,Under 2 kilometers,Yes,No,Yes,Yes,,No
10312187,GRADED GRAVELED,YES,Yes,No,No,No,No,NO,Under 2 kilometers,Yes,No,Yes,No,11 to 15 kilometers,No
10312600,DIRT ROAD (MAINTAINED),YES,No,No,No,No,No,NO,5 and above kilometers,Yes,No,No,No,16 to 20 kilometers,No
10320227,TAR/ASPHALT,YES,Yes,No,Yes,Yes,Yes,YES,Under 2 kilometers,Yes,No,Yes,Yes,,Yes
10401140,GRADED GRAVELED,YES,Yes,No,Yes,Yes,Yes,YES,Under 2 kilometers,No,No,Yes,Yes,,No
10401212,GRADED GRAVELED,YES,Yes,No,No,No,No,NO,Under 2 kilometers,No,No,Yes,No,11 to 15 kilometers,No
10401424,GRADED GRAVELED,YES,Yes,No,Yes,No,No,YES,Under 2 kilometers,No,No,Yes,No,6 to 10 kilometers,No
10401502,GRADED GRAVELED,YES,No,No,No,No,No,NO,Under 2 kilometers,Yes,Yes,No,No,0 to 5 kilometes,No
10401522,GRADED GRAVELED,YES,Yes,No,No,Yes,No,NO,3 to 5 kilometers,No,No,Yes,No,26 to 30 kilometers,No
10401541,GRADED GRAVELED,YES,Yes,No,No,Yes,No,YES,Under 2 kilometers,No,No,Yes,No,0 to 5 kilometes,No
10401604,GRADED GRAVELED,NO,No,No,Yes,Yes,No,NO,Under 2 kilometers,Yes,No,Yes,No,6 to 10 kilometers,No
10401635,GRADED GRAVELED,YES,Yes,No,Yes,No,No,NO,5 and above kilometers,Yes,No,Yes,No,6 to 10 kilometers,No
10401742,GRADED GRAVELED,YES,Yes,No,Yes,Yes,No,NO,Under 2 kilometers,Yes,No,Yes,No,16 to 20 kilometers,No
10402537,GRADED GRAVELED,YES,Yes,No,Yes,Yes,Yes,NO,Under 2 kilometers,No,No,Yes,No,Above 30 kilometers,No
10403332,GRADED GRAVELED,YES,Yes,No,Yes,No,No,NO,3 to 5 kilometers,Yes,No,Yes,No,6 to 10 kilometers,No
10403488,GRADED GRAVELED,YES,Yes,No,No,No,No,NO,Under 2 kilometers,No,No,Yes,No,6 to 10 kilometers,No
10404186,TAR/ASPHALT,YES,Yes,No,Yes,Yes,Yes,YES,3 to 5 kilometers,Yes,No,Yes,Yes,,No
10404707,DIRT ROAD (MAINTAINED),YES,Yes,No,No,No,No,NO,Under 2 kilometers,Yes,No,Yes,No,11 to 15 kilometers,No
10405213,GRADED GRAVELED,YES,Yes,No,Yes,Yes,No,YES,Under 2 kilometers,Yes,No,Yes,Yes,,No
10405404,GRADED GRAVELED,YES,Yes,No,Yes,No,Yes,YES,Under 2 kilometers,No,No,Yes,Yes,,Yes
10407068,GRADED GRAVELED,YES,Yes,No,Yes,Yes,Yes,YES,Under 2 kilometers,Yes,No,Yes,Yes,,No
10407194,TAR/ASPHALT,YES,Yes,No,Yes,Yes,No,NO,Under 2 kilometers,No,No,Yes,Yes,,No
10407628,GRADED GRAVELED,YES,Yes,No,No,No,No,NO,Under 2 kilometers,Yes,No,Yes,No,11 to 15 kilometers,No
10408441,GRADED GRAVELED,YES,No,No,Yes,Yes,Yes,YES,Under 2 kilometers,Yes,No,Yes,Yes,,No
10409468,GRADED GRAVELED,YES,No,No,No,Yes,No,NO,Under 2 kilometers,Yes,No,Yes,No,6 to 10 kilometers,No
10420001,TAR/ASPHALT,YES,Yes,No,Yes,Yes,Yes,YES,5 and above kilometers,No,Yes,Yes,Yes,,Yes
10420035,TAR/ASPHALT,YES,Yes,Yes,No,No,No,YES,Under 2 kilometers,Yes,Yes,Yes,Yes,,Yes
10420080,TAR/ASPHALT,YES,Yes,No,Yes,Yes,Yes,YES,Under 2 kilometers,No,Yes,Yes,Yes,,Yes
10501055,GRADED GRAVELED,YES,Yes,No,Yes,No,No,NO,5 and above kilometers,Yes,No,Yes,No,0 to 5 kilometes,No
10501216,GRADED GRAVELED,NO,Yes,No,No,Yes,No,NO,Under 2 kilometers,Yes,No,No,No,0 to 5 kilometes,No
10501505,GRADED GRAVELED,YES,No,No,No,Yes,No,NO,Under 2 kilometers,Yes,Yes,Yes,Yes,,No
10501709,DIRT ROAD (MAINTAINED),YES,No,No,No,No,No,NO,In the community,No,No,Yes,No,6 to 10 kilometers,No
10502043,GRADED GRAVELED,YES,Yes,No,No,No,No,NO,Under 2 kilometers,Yes,No,Yes,No,26 to 30 kilometers,No
10502268,DIRT ROAD (MAINTAINED),YES,No,No,No,No,No,NO,5 and above kilometers,No,No,Yes,No,11 to 15 kilometers,No
10502439,DIRT ROAD (MAINTAINED),NO,No,No,No,No,No,NO,Under 2 kilometers,Yes,No,No,No,0 to 5 kilometes,No
10502593,GRADED GRAVELED,YES,No,No,No,No,No,NO,Under 2 kilometers,Yes,No,No,No,6 to 10 kilometers,No
10502730,DIRT TRACK,NO,No,No,No,No,No,NO,Under 2 kilometers,Yes,No,Yes,No,16 to 20 kilometers,No
10503211,GRADED GRAVELED,NO,No,No,No,No,No,NO,Under 2 kilometers,Yes,No,No,No,0 to 5 kilometes,No
10503367,DIRT TRACK,YES,No,No,No,No,No,NO,Under 2 kilometers,Yes,No,No,No,6 to 10 kilometers,No
10505136,DIRT ROAD (MAINTAINED),YES,Yes,No,No,No,No,NO,5 and above kilometers,No,No,Yes,No,0 to 5 kilometes,No
10505151,GRADED GRAVELED,NO,No,No,No,No,No,NO,Under 2 kilometers,Yes,No,Yes,No,26 to 30 kilometers,No
10505231,DIRT ROAD (MAINTAINED),YES,Yes,No,Yes,Yes,No,YES,3 to 5 kilometers,Yes,No,Yes,Yes,,No
10505310,DIRT TRACK,YES,No,No,No,No,No,NO,5 and above kilometers,No,No,Yes,No,11 to 15 kilometers,No
10505508,GRADED GRAVELED,YES,Yes,No,No,Yes,No,NO,5 and above kilometers,Yes,No,Yes,No,0 to 5 kilometes,No
10506127,GRADED GRAVELED,YES,Yes,No,Yes,Yes,Yes,YES,Under 2 kilometers,Yes,Yes,Yes,Yes,,Yes
10506548,GRADED GRAVELED,YES,Yes,No,No,Yes,No,NO,Under 2 kilometers,Yes,No,Yes,No,Above 30 kilometers,No
10507175,GRADED GRAVELED,NO,No,No,No,No,No,NO,Under 2 kilometers,Yes,No,No,No,11 to 15 kilometers,No
10507344,DIRT ROAD (MAINTAINED),YES,Yes,No,No,Yes,No,NO,3 to 5 kilometers,Yes,No,Yes,No,6 to 10 kilometers,No
10508369,TAR/ASPHALT,YES,No,No,No,No,No,NO,5 and above kilometers,Yes,No,Yes,No,6 to 10 kilometers,No
10509319,DIRT ROAD (MAINTAINED),YES,No,No,No,No,No,NO,In the community,Yes,No,No,No,6 to 10 kilometers,No
10509474,GRADED GRAVELED,NO,Yes,No,Yes,Yes,No,YES,Under 2 kilometers,Yes,No,Yes,Yes,,No
10510388,DIRT ROAD (MAINTAINED),YES,Yes,No,No,No,No,NO,5 and above kilometers,Yes,No,Yes,Yes,,No
10732047,GRADED GRAVELED,YES,Yes,No,Yes,No,No,NO,3 to 5 kilometers,Yes,No,Yes,No,6 to 10 kilometers,No
10732070,GRADED GRAVELED,YES,No,No,No,No,No,NO,Under 2 kilometers,Yes,Yes,Yes,No,0 to 5 kilometes,No
10732192,TAR/ASPHALT,YES,Yes,Yes,No,No,No,NO,Under 2 kilometers,No,No,No,No,0 to 5 kilometes,No
10733465,GRADED GRAVELED,YES,Yes,No,Yes,No,No,YES,Under 2 kilometers,Yes,Yes,Yes,No,0 to 5 kilometes,No
10733640,GRADED GRAVELED,NO,No,Yes,Yes,Yes,No,YES,3 to 5 kilometers,Yes,No,Yes,No,0 to 5 kilometes,No
10734370,GRADED GRAVELED,NO,No,Yes,Yes,No,No,NO,Under 2 kilometers,Yes,Yes,No,No,0 to 5 kilometes,No
10734393,DIRT TRACK,YES,No,Yes,Yes,No,No,NO,Under 2 kilometers,Yes,Yes,No,No,0 to 5 kilometes,No
10734407,GRADED GRAVELED,YES,No,Yes,Yes,No,No,YES,3 to 5 kilometers,Yes,No,Yes,No,0 to 5 kilometes,No
10734762,DIRT ROAD (MAINTAINED),YES,Yes,Yes,Yes,No,No,YES,3 to 5 kilometers,No,No,Yes,No,0 to 5 kilometes,No
10735130,GRADED GRAVELED,YES,No,Yes,No,No,No,YES,Under 2 kilometers,Yes,Yes,Yes,Yes,,No
10735173,TAR/ASPHALT,YES,Yes,Yes,Yes,No,No,YES,Under 2 kilometers,Yes,No,Yes,No,0 to 5 kilometes,No
10736053,GRADED GRAVELED,YES,No,No,Yes,No,No,YES,Under 2 kilometers,Yes,Yes,Yes,No,0 to 5 kilometes,No
10736174,DIRT ROAD (MAINTAINED),YES,No,Yes,No,No,No,NO,5 and above kilometers,Yes,No,No,Yes,,No
10736377,GRADED GRAVELED,YES,No,Yes,Yes,No,Yes,NO,Under 2 kilometers,Yes,Yes,Yes,No,0 to 5 kilometes,No
10736466,GRADED GRAVELED,YES,No,Yes,Yes,No,No,NO,Under 2 kilometers,Yes,Yes,Yes,No,0 to 5 kilometes,No
10736596,DIRT TRACK,YES,Yes,Yes,Yes,No,No,NO,5 and above kilometers,No,No,Yes,No,0 to 5 kilometes,No
10737199,GRADED GRAVELED,YES,Yes,No,Yes,No,No,YES,Under 2 kilometers,Yes,Yes,Yes,No,0 to 5 kilometes,No
10739309,GRADED GRAVELED,YES,No,Yes,No,No,No,YES,Under 2 kilometers,Yes,Yes,Yes,No,0 to 5 kilometes,No
10741504,DIRT ROAD (MAINTAINED),YES,Yes,Yes,Yes,No,No,YES,3 to 5 kilometers,No,Yes,Yes,No,0 to 5 kilometes,No
10744039,GRADED GRAVELED,YES,No,Yes,No,No,No,NO,3 to 5 kilometers,Yes,Yes,Yes,No,0 to 5 kilometes,No
10744154,GRADED GRAVELED,NO,No,No,Yes,No,No,YES,Under 2 kilometers,Yes,Yes,Yes,No,0 to 5 kilometes,No
10744649,GRADED GRAVELED,YES,No,No,No,No,No,NO,3 to 5 kilometers,Yes,No,Yes,No,0 to 5 kilometes,No
10746033,DIRT ROAD (MAINTAINED),YES,No,Yes,No,No,No,NO,Under 2 kilometers,Yes,No,Yes,No,6 to 10 kilometers,No
10746244,TAR/ASPHALT,YES,No,Yes,No,No,No,NO,3 to 5 kilometers,No,No,Yes,No,0 to 5 kilometes,No
20101014,DIRT ROAD (MAINTAINED),NO,No,No,No,No,No,NO,,No,No,Yes,No,11 to 15 kilometers,No
20101387,TAR/ASPHALT,YES,Yes,No,No,No,No,YES,Under 2 kilometers,Yes,No,Yes,No,11 to 15 kilometers,No
20102311,DIRT ROAD (MAINTAINED),YES,Yes,No,Yes,Yes,Yes,YES,Under 2 kilometers,Yes,No,Yes,Yes,,No
20103365,DIRT TRACK,NO,No,No,No,No,No,NO,Under 2 kilometers,Yes,No,No,No,6 to 10 kilometers,No
20105073,DIRT ROAD (MAINTAINED),YES,Yes,No,No,No,No,NO,In the community,No,No,Yes,No,0 to 5 kilometes,No
20105181,DIRT ROAD (MAINTAINED),YES,Yes,No,Yes,No,No,YES,In the community,No,No,Yes,No,0 to 5 kilometes,No
20106042,DIRT ROAD (MAINTAINED),YES,No,No,No,No,No,NO,Under 2 kilometers,Yes,No,Yes,No,0 to 5 kilometes,No
20107490,DIRT TRACK,NO,No,No,No,No,No,NO,Under 2 kilometers,No,No,No,No,0 to 5 kilometes,No
20107615,DIRT ROAD (MAINTAINED),YES,No,No,Yes,Yes,No,NO,In the community,Yes,No,Yes,Yes,,No
20108739,DIRT TRACK,NO,No,No,No,No,No,NO,5 and above kilometers,No,No,Yes,No,26 to 30 kilometers,No
20109486,DIRT ROAD (MAINTAINED),YES,Yes,No,Yes,Yes,No,NO,In the community,No,No,Yes,No,11 to 15 kilometers,No
20109653,DIRT TRACK,NO,No,No,No,No,No,NO,In the community,No,No,Yes,Yes,,No
20110170,DIRT ROAD (MAINTAINED),YES,Yes,No,Yes,Yes,No,NO,Under 2 kilometers,No,No,Yes,No,6 to 10 kilometers,No
20110620,DIRT TRACK,NO,No,No,No,Yes,No,NO,In the community,Yes,No,Yes,No,6 to 10 kilometers,No
20111107,DIRT TRACK,NO,No,No,No,No,No,NO,In the community,Yes,No,Yes,No,0 to 5 kilometes,No
20111530,DIRT TRACK,NO,No,No,Yes,Yes,No,NO,In the community,No,No,Yes,No,11 to 15 kilometers,No
20111718,TAR/ASPHALT,YES,Yes,No,Yes,Yes,No,YES,In the community,No,No,Yes,No,6 to 10 kilometers,No
20112290,DIRT TRACK,NO,No,No,Yes,No,No,NO,In the community,No,No,Yes,No,6 to 10 kilometers,No
20112334,DIRT ROAD (MAINTAINED),NO,No,No,No,No,No,YES,In the community,No,No,Yes,No,11 to 15 kilometers,No
20112661,DIRT ROAD (MAINTAINED),NO,No,No,No,No,No,YES,In the community,No,Yes,Yes,No,21 to 25 kilometers,No
20113112,DIRT ROAD (MAINTAINED),NO,No,No,No,Yes,No,NO,Under 2 kilometers,No,No,Yes,Yes,,No
20113529,DIRT ROAD (MAINTAINED),YES,Yes,No,Yes,Yes,No,NO,Under 2 kilometers,No,No,Yes,No,0 to 5 kilometes,No
20115434,DIRT TRACK,YES,No,No,No,No,No,YES,Under 2 kilometers,Yes,No,Yes,No,11 to 15 kilometers,No
20120081,DIRT ROAD (MAINTAINED),YES,Yes,No,No,No,No,YES,In the community,Yes,No,Yes,No,0 to 5 kilometes,No
20201109,DIRT ROAD (MAINTAINED),YES,No,No,No,No,No,NO,,No,No,Yes,No,6 to 10 kilometers,No
20201206,DIRT ROAD (MAINTAINED),NO,No,No,No,No,No,NO,3 to 5 kilometers,No,No,Yes,No,26 to 30 kilometers,No
20201264,DIRT ROAD (MAINTAINED),NO,No,No,Yes,No,No,NO,,Yes,No,Yes,Yes,,Yes
20201269,DIRT ROAD (MAINTAINED),YES,No,No,No,No,No,NO,5 and above kilometers,Yes,No,Yes,No,11 to 15 kilometers,No
20201354,DIRT ROAD (MAINTAINED),YES,Yes,No,Yes,No,Yes,YES,Under 2 kilometers,Yes,Yes,Yes,Yes,,Yes
20201450,TAR/ASPHALT,YES,Yes,No,Yes,Yes,Yes,NO,Under 2 kilometers,Yes,No,Yes,Yes,,Yes
20201646,TAR/ASPHALT,YES,Yes,No,No,Yes,Yes,YES,In the community,Yes,No,Yes,Yes,,No
20202343,TAR/ASPHALT,YES,Yes,No,Yes,Yes,Yes,NO,,Yes,No,Yes,Yes,,No
20203135,DIRT ROAD (MAINTAINED),YES,No,No,Yes,Yes,No,YES,Under 2 kilometers,No,No,Yes,No,0 to 5 kilometes,No
20203494,DIRT ROAD (MAINTAINED),YES,Yes,No,No,Yes,No,NO,3 to 5 kilometers,No,No,Yes,No,6 to 10 kilometers,No
20203656,TAR/ASPHALT,YES,Yes,No,Yes,Yes,No,NO,Under 2 kilometers,Yes,No,Yes,No,6 to 10 kilometers,No
20203694,DIRT ROAD (MAINTAINED),NO,No,No,No,Yes,Yes,NO,,Yes,No,Yes,Yes,,No
20204124,TAR/ASPHALT,YES,Yes,No,Yes,Yes,No,NO,,Yes,Yes,Yes,Yes,,No
20204712,DIRT ROAD (MAINTAINED),YES,No,No,No,Yes,Yes,NO,3 to 5 kilometers,No,No,Yes,No,11 to 15 kilometers,No
20205207,TAR/ASPHALT,YES,Yes,No,No,Yes,Yes,NO,Under 2 kilometers,No,No,Yes,Yes,,No
20205484,DIRT ROAD (MAINTAINED),YES,No,No,No,No,No,NO,Under 2 kilometers,Yes,No,Yes,No,0 to 5 kilometes,No
20205525,DIRT ROAD (MAINTAINED),NO,No,No,No,No,No,NO,,Yes,No,Yes,No,16 to 20 kilometers,No
20205634,TAR/ASPHALT,YES,Yes,No,Yes,No,No,NO,Under 2 kilometers,No,No,Yes,No,0 to 5 kilometes,No
20205700,DIRT ROAD (MAINTAINED),NO,No,No,Yes,No,No,NO,3 to 5 kilometers,No,No,Yes,Yes,,No
20205721,DIRT ROAD (MAINTAINED),YES,No,No,Yes,Yes,No,YES,Under 2 kilometers,Yes,No,Yes,No,0 to 5 kilometes,No
20206243,DIRT ROAD (MAINTAINED),NO,No,No,No,No,No,NO,Under 2 kilometers,No,No,Yes,No,6 to 10 kilometers,No
20206362,DIRT ROAD (MAINTAINED),YES,Yes,No,Yes,Yes,Yes,YES,Under 2 kilometers,Yes,No,Yes,Yes,,No
20220038,TAR/ASPHALT,YES,Yes,No,Yes,Yes,Yes,YES,Under 2 kilometers,Yes,Yes,Yes,Yes,,Yes
20220153,TAR/ASPHALT,YES,Yes,No,Yes,No,Yes,YES,Under 2 kilometers,Yes,No,Yes,Yes,,Yes
20301075,DIRT ROAD (MAINTAINED),YES,Yes,No,No,Yes,No,NO,,Yes,No,Yes,Yes,,No
20302432,DIRT ROAD (MAINTAINED),YES,Yes,No,Yes,Yes,No,YES,,Yes,No,Yes,Yes,,No
20302539,DIRT ROAD (MAINTAINED),YES,Yes,No,No,No,Yes,NO,Under 2 kilometers,No,No,Yes,Yes,,No
20302592,DIRT ROAD (MAINTAINED),NO,Yes,No,No,No,No,YES,Under 2 kilometers,No,No,Yes,No,0 to 5 kilometes,No
20303065,DIRT ROAD (MAINTAINED),YES,Yes,No,No,Yes,No,NO,Under 2 kilometers,Yes,No,Yes,No,0 to 5 kilometes,No
20303447,DIRT ROAD (MAINTAINED),NO,No,No,Yes,Yes,No,YES,,Yes,No,Yes,Yes,,No
20303654,DIRT ROAD (MAINTAINED),NO,No,No,No,No,No,NO,,Yes,No,Yes,No,6 to 10 kilometers,No
20304084,DIRT ROAD (MAINTAINED),YES,No,No,No,No,No,NO,3 to 5 kilometers,Yes,No,Yes,No,0 to 5 kilometes,No
20304164,DIRT ROAD (MAINTAINED),YES,No,No,No,No,No,NO,Under 2 kilometers,Yes,No,Yes,No,6 to 10 kilometers,No
20304285,DIRT ROAD (MAINTAINED),YES,No,No,No,Yes,Yes,NO,Under 2 kilometers,Yes,No,Yes,Yes,,No
20304314,DIRT ROAD (MAINTAINED),NO,No,No,No,No,No,NO,Under 2 kilometers,Yes,No,Yes,No,0 to 5 kilometes,No
20304662,DIRT ROAD (MAINTAINED),NO,No,No,No,No,No,NO,3 to 5 kilometers,Yes,No,Yes,No,26 to 30 kilometers,No
20304680,TAR/ASPHALT,YES,Yes,No,Yes,Yes,Yes,NO,Under 2 kilometers,No,No,Yes,Yes,,No
20305023,DIRT ROAD (MAINTAINED),NO,No,No,No,No,No,NO,Under 2 kilometers,No,No,Yes,No,6 to 10 kilometers,No
20305172,DIRT ROAD (MAINTAINED),NO,Yes,No,No,Yes,Yes,NO,Under 2 kilometers,No,No,Yes,No,0 to 5 kilometes,No
20305301,TAR/ASPHALT,YES,Yes,No,No,Yes,Yes,NO,,Yes,No,Yes,No,11 to 15 kilometers,No
20305340,DIRT ROAD (MAINTAINED),YES,No,No,No,Yes,No,NO,3 to 5 kilometers,Yes,No,Yes,Yes,,No
20305382,DIRT ROAD (MAINTAINED),NO,No,No,No,No,No,NO,Under 2 kilometers,Yes,No,Yes,No,0 to 5 kilometes,No
20305717,TAR/ASPHALT,YES,Yes,No,No,Yes,No,NO,3 to 5 kilometers,No,No,Yes,No,0 to 5 kilometes,No
20306272,DIRT ROAD (MAINTAINED),YES,Yes,No,No,No,Yes,YES,3 to 5 kilometers,Yes,No,Yes,No,6 to 10 kilometers,No
20306296,DIRT ROAD (MAINTAINED),YES,No,No,No,Yes,Yes,NO,Under 2 kilometers,No,No,Yes,Yes,,No
20306433,DIRT ROAD (MAINTAINED),NO,No,No,No,Yes,Yes,NO,,No,No,Yes,No,6 to 10 kilometers,No
20306557,DIRT ROAD (MAINTAINED),NO,No,No,No,Yes,No,NO,Under 2 kilometers,Yes,No,Yes,No,6 to 10 kilometers,No
20320675,TAR/ASPHALT,NO,No,No,Yes,No,Yes,YES,Under 2 kilometers,Yes,No,Yes,Yes,,Yes
20401171,DIRT TRACK,NO,No,No,No,No,No,NO,Under 2 kilometers,No,No,Yes,No,6 to 10 kilometers,No
20401627,DIRT ROAD (MAINTAINED),YES,Yes,No,Yes,No,No,NO,In the community,Yes,No,Yes,No,11 to 15 kilometers,No
20401737,DIRT ROAD (MAINTAINED),NO,No,No,No,No,No,NO,,Yes,No,Yes,No,0 to 5 kilometes,No
20402045,TAR/ASPHALT,YES,Yes,No,Yes,Yes,No,NO,Under 2 kilometers,No,No,Yes,No,0 to 5 kilometes,Yes
20402072,TAR/ASPHALT,YES,Yes,No,Yes,Yes,Yes,YES,In the community,Yes,No,Yes,Yes,,Yes
20402198,DIRT ROAD (MAINTAINED),YES,No,No,No,Yes,No,YES,In the community,No,No,Yes,No,6 to 10 kilometers,No
20402201,DIRT ROAD (MAINTAINED),YES,No,No,No,No,No,YES,In the community,No,No,Yes,No,0 to 5 kilometes,No
20402298,DIRT ROAD (MAINTAINED),YES,Yes,No,Yes,No,Yes,YES,Under 2 kilometers,Yes,No,Yes,Yes,,No
20403049,DIRT TRACK,NO,No,No,No,No,No,NO,In the community,No,No,Yes,No,0 to 5 kilometes,No
20403668,DIRT TRACK,NO,No,No,No,Yes,No,YES,,Yes,No,Yes,No,0 to 5 kilometes,No
20403697,DIRT TRACK,NO,No,No,No,No,No,NO,In the community,Yes,No,No,No,0 to 5 kilometes,No
20404032,TAR/ASPHALT,YES,Yes,No,Yes,Yes,No,YES,In the community,No,No,Yes,No,6 to 10 kilometers,No
20404509,DIRT ROAD (MAINTAINED),YES,No,No,No,No,No,NO,In the community,No,No,Yes,No,0 to 5 kilometes,No
20404575,DIRT ROAD (MAINTAINED),NO,No,No,No,No,No,YES,In the community,No,No,Yes,No,6 to 10 kilometers,No
20404660,DIRT ROAD (MAINTAINED),YES,No,No,No,No,No,NO,In the community,Yes,No,Yes,No,11 to 15 kilometers,No
20405132,DIRT ROAD (MAINTAINED),YES,Yes,No,Yes,Yes,No,NO,Under 2 kilometers,Yes,No,Yes,Yes,,No
20405366,DIRT ROAD (MAINTAINED),NO,No,No,No,No,No,YES,In the community,No,No,Yes,No,6 to 10 kilometers,No
20405704,DIRT ROAD (MAINTAINED),NO,No,No,No,No,No,NO,In the community,Yes,No,Yes,No,0 to 5 kilometes,No
20406177,DIRT ROAD (MAINTAINED),YES,No,No,Yes,Yes,No,YES,In the community,No,No,Yes,No,0 to 5 kilometes,No
20406348,DIRT ROAD (MAINTAINED),YES,No,No,No,No,No,NO,Under 2 kilometers,No,No,Yes,No,0 to 5 kilometes,No
20406598,DIRT ROAD (MAINTAINED),YES,No,No,No,No,No,YES,In the community,Yes,No,Yes,No,6 to 10 kilometers,No
20407398,DIRT ROAD (MAINTAINED),YES,Yes,No,No,No,No,YES,In the community,No,No,Yes,No,6 to 10 kilometers,No
20407481,TAR/ASPHALT,YES,Yes,No,Yes,Yes,Yes,YES,In the community,Yes,No,Yes,Yes,,Yes
20421229,TAR/ASPHALT,YES,Yes,No,Yes,No,Yes,YES,In the community,No,Yes,Yes,Yes,,Yes
20501111,GRADED GRAVELED,YES,Yes,No,No,No,No,YES,3 to 5 kilometers,No,No,Yes,No,6 to 10 kilometers,No
20501330,TAR/ASPHALT,YES,Yes,No,No,No,No,YES,3 to 5 kilometers,Yes,No,Yes,Yes,,Yes
20501664,GRADED GRAVELED,NO,No,No,No,No,No,NO,3 to 5 kilometers,No,No,Yes,No,0 to 5 kilometes,No
20502159,GRADED GRAVELED,YES,Yes,No,No,No,No,YES,Under 2 kilometers,No,No,Yes,No,0 to 5 kilometes,No
20502240,DIRT TRACK,NO,No,No,No,No,No,NO,3 to 5 kilometers,No,No,Yes,No,0 to 5 kilometes,No
20502740,DIRT ROAD (MAINTAINED),YES,No,No,No,No,No,NO,Under 2 kilometers,No,No,Yes,No,11 to 15 kilometers,No
20502758,GRADED GRAVELED,NO,No,No,No,No,No,NO,Under 2 kilometers,No,No,Yes,No,0 to 5 kilometes,No
20503239,TAR/ASPHALT,YES,No,No,Yes,No,No,NO,3 to 5 kilometers,Yes,No,No,No,11 to 15 kilometers,No
20503476,GRADED GRAVELED,YES,No,No,Yes,No,No,YES,Under 2 kilometers,No,No,Yes,No,6 to 10 kilometers,No
20504373,GRADED GRAVELED,YES,Yes,No,Yes,Yes,No,YES,Under 2 kilometers,Yes,No,Yes,No,11 to 15 kilometers,No
20504729,DIRT ROAD (MAINTAINED),YES,No,No,No,No,No,NO,3 to 5 kilometers,No,No,Yes,No,11 to 15 kilometers,No
20505317,TAR/ASPHALT,YES,Yes,No,Yes,Yes,Yes,YES,Under 2 kilometers,Yes,No,Yes,Yes,,No
20505648,DIRT ROAD (MAINTAINED),YES,Yes,No,Yes,No,No,YES,3 to 5 kilometers,No,No,Yes,No,0 to 5 kilometes,No
20506412,GRADED GRAVELED,NO,Yes,No,No,No,No,NO,Under 2 kilometers,Yes,No,Yes,No,0 to 5 kilometes,No
20507089,DIRT ROAD (MAINTAINED),YES,No,No,No,No,No,YES,3 to 5 kilometers,No,No,Yes,No,0 to 5 kilometes,No
20507371,GRADED GRAVELED,NO,Yes,No,No,Yes,No,NO,5 and above kilometers,No,No,Yes,No,11 to 15 kilometers,No
20507422,GRADED GRAVELED,YES,Yes,No,Yes,Yes,No,YES,Under 2 kilometers,Yes,No,Yes,Yes,,No
20507459,TAR/ASPHALT,YES,Yes,No,Yes,Yes,No,YES,Under 2 kilometers,No,No,Yes,No,0 to 5 kilometes,No
20507571,GRADED GRAVELED,YES,Yes,No,No,Yes,No,YES,Under 2 kilometers,No,No,Yes,Yes,,No
20508349,TAR/ASPHALT,YES,Yes,Yes,Yes,Yes,No,YES,Under 2 kilometers,Yes,Yes,Yes,Yes,,No
20508547,GRADED GRAVELED,NO,No,No,No,No,No,NO,Under 2 kilometers,No,No,Yes,Yes,,No
20510584,DIRT ROAD (MAINTAINED),NO,No,No,No,No,No,NO,5 and above kilometers,Yes,No,Yes,No,6 to 10 kilometers,No
20520255,GRADED GRAVELED,YES,Yes,Yes,Yes,No,Yes,YES,Under 2 kilometers,No,Yes,Yes,No,6 to 10 kilometers,Yes
20520582,TAR/ASPHALT,YES,Yes,No,No,No,No,YES,Under 2 kilometers,No,No,Yes,No,0 to 5 kilometes,No
20601141,DIRT ROAD (MAINTAINED),YES,No,No,No,Yes,No,YES,Under 2 kilometers,Yes,No,Yes,Yes,,No
20601626,TAR/ASPHALT,YES,Yes,Yes,Yes,Yes,Yes,YES,Under 2 kilometers,Yes,No,Yes,Yes,,No
20601658,DIRT ROAD (MAINTAINED),YES,No,Yes,No,No,No,NO,,Yes,No,Yes,No,6 to 10 kilometers,No
20601701,GRADED GRAVELED,YES,No,Yes,No,No,No,NO,Under 2 kilometers,Yes,No,Yes,Yes,,No
20602363,TAR/ASPHALT,YES,Yes,Yes,Yes,Yes,Yes,YES,Under 2 kilometers,Yes,No,No,No,0 to 5 kilometes,No
20602479,GRADED GRAVELED,YES,No,No,No,No,Yes,NO,Under 2 kilometers,Yes,No,Yes,No,6 to 10 kilometers,No
20602607,DIRT TRACK,YES,Yes,Yes,No,No,No,NO,Under 2 kilometers,Yes,No,No,No,0 to 5 kilometes,No
20602617,DIRT ROAD (MAINTAINED),YES,No,Yes,No,No,No,NO,Under 2 kilometers,Yes,No,Yes,No,6 to 10 kilometers,No
20603090,DIRT ROAD (MAINTAINED),NO,No,Yes,No,Yes,No,NO,Under 2 kilometers,Yes,No,Yes,No,11 to 15 kilometers,No
20603121,DIRT ROAD (MAINTAINED),YES,No,Yes,No,No,No,NO,3 to 5 kilometers,Yes,No,Yes,No,16 to 20 kilometers,No
20603133,GRADED GRAVELED,YES,No,Yes,No,No,No,NO,Under 2 kilometers,Yes,No,Yes,No,16 to 20 kilometers,No
20603189,GRADED GRAVELED,YES,Yes,No,Yes,Yes,No,NO,Under 2 kilometers,Yes,No,Yes,No,6 to 10 kilometers,No
20603337,DIRT TRACK,NO,No,Yes,No,Yes,No,NO,Under 2 kilometers,Yes,No,No,No,11 to 15 kilometers,No
20603455,GRADED GRAVELED,YES,No,Yes,No,Yes,No,YES,Under 2 kilometers,Yes,No,Yes,No,0 to 5 kilometes,No
20603533,DIRT ROAD (MAINTAINED),YES,Yes,No,No,Yes,Yes,YES,Under 2 kilometers,Yes,No,Yes,Yes,,Yes
20604071,GRADED GRAVELED,YES,No,Yes,No,No,No,NO,Under 2 kilometers,Yes,No,Yes,No,6 to 10 kilometers,No
20604376,TAR/ASPHALT,YES,Yes,Yes,Yes,Yes,Yes,YES,Under 2 kilometers,Yes,Yes,Yes,Yes,,No
20604638,DIRT ROAD (MAINTAINED),YES,Yes,Yes,No,No,No,NO,Under 2 kilometers,Yes,No,Yes,No,0 to 5 kilometes,No
20605302,DIRT ROAD (MAINTAINED),NO,No,Yes,No,No,No,NO,Under 2 kilometers,Yes,No,Yes,No,6 to 10 kilometers,No
20606168,GRADED GRAVELED,YES,Yes,Yes,No,No,No,NO,5 and above kilometers,Yes,No,Yes,No,6 to 10 kilometers,No
20606297,DIRT ROAD (MAINTAINED),YES,Yes,Yes,Yes,Yes,Yes,NO,3 to 5 kilometers,Yes,No,Yes,Yes,,No
20607260,TAR/ASPHALT,YES,Yes,Yes,Yes,Yes,No,NO,3 to 5 kilometers,Yes,No,No,Yes,,No
20607315,GRADED GRAVELED,YES,Yes,No,No,No,No,NO,Under 2 kilometers,Yes,No,Yes,No,6 to 10 kilometers,No
20607733,TAR/ASPHALT,YES,No,Yes,No,No,No,YES,3 to 5 kilometers,Yes,No,Yes,No,0 to 5 kilometes,No
20608499,DIRT ROAD (MAINTAINED),YES,Yes,Yes,No,Yes,No,NO,Under 2 kilometers,Yes,No,Yes,No,Above 30 kilometers,No
20609754,GRADED GRAVELED,YES,No,Yes,No,No,No,NO,Under 2 kilometers,Yes,No,Yes,No,6 to 10 kilometers,No
20610050,DIRT ROAD (MAINTAINED),YES,Yes,No,No,Yes,Yes,YES,3 to 5 kilometers,Yes,No,Yes,Yes,,No
20610249,DIRT ROAD (MAINTAINED),YES,No,Yes,No,No,No,NO,Under 2 kilometers,Yes,No,Yes,No,11 to 15 kilometers,No
20611336,GRADED GRAVELED,NO,Yes,Yes,Yes,No,No,NO,Under 2 kilometers,Yes,No,Yes,No,0 to 5 kilometes,No
20612564,DIRT TRACK,YES,No,Yes,No,No,No,YES,Under 2 kilometers,Yes,No,Yes,No,6 to 10 kilometers,No
20613324,DIRT ROAD (MAINTAINED),YES,No,No,No,Yes,Yes,YES,Under 2 kilometers,Yes,No,Yes,Yes,,No
20614477,TAR/ASPHALT,YES,Yes,Yes,No,No,No,NO,Under 2 kilometers,Yes,No,Yes,No,6 to 10 kilometers,No
20614589,DIRT ROAD (MAINTAINED),YES,No,Yes,No,No,No,NO,Under 2 kilometers,Yes,No,Yes,No,6 to 10 kilometers,No
20615064,DIRT TRACK,YES,Yes,No,No,Yes,No,NO,Under 2 kilometers,Yes,No,No,Yes,,No
20615735,DIRT TRACK,YES,Yes,Yes,No,Yes,Yes,YES,Under 2 kilometers,Yes,No,Yes,Yes,,No
20615752,TAR/ASPHALT,YES,No,Yes,No,No,No,YES,3 to 5 kilometers,Yes,No,Yes,No,0 to 5 kilometes,No
20701527,DIRT ROAD (MAINTAINED),YES,No,No,No,Yes,No,NO,Under 2 kilometers,Yes,No,Yes,No,6 to 10 kilometers,No
20701659,TAR/ASPHALT,YES,Yes,No,No,No,No,NO,,Yes,No,Yes,No,11 to 15 kilometers,No
20702011,TAR/ASPHALT,YES,Yes,No,No,Yes,No,YES,5 and above kilometers,Yes,No,Yes,No,0 to 5 kilometes,No
20702282,DIRT ROAD (MAINTAINED),YES,No,No,No,No,No,YES,3 to 5 kilometers,Yes,No,Yes,No,6 to 10 kilometers,No
20702464,DIRT TRACK,NO,No,No,No,No,No,YES,In the community,Yes,No,Yes,No,6 to 10 kilometers,No
20702471,DIRT ROAD (MAINTAINED),YES,No,No,Yes,Yes,No,YES,In the community,Yes,No,Yes,Yes,,No
20702542,DIRT ROAD (MAINTAINED),NO,No,No,No,No,No,YES,In the community,Yes,No,Yes,No,6 to 10 kilometers,No
20703025,TAR/ASPHALT,YES,Yes,No,No,No,No,NO,Under 2 kilometers,Yes,No,Yes,No,6 to 10 kilometers,No
20703083,TAR/ASPHALT,YES,Yes,No,Yes,Yes,Yes,NO,Under 2 kilometers,Yes,No,Yes,No,6 to 10 kilometers,No
20703316,DIRT ROAD (MAINTAINED),YES,Yes,No,Yes,Yes,No,NO,5 and above kilometers,Yes,Yes,Yes,Yes,,No
20703565,DIRT ROAD (MAINTAINED),NO,No,No,No,Yes,No,NO,3 to 5 kilometers,Yes,No,Yes,No,,No
20703595,TAR/ASPHALT,YES,Yes,No,Yes,Yes,Yes,YES,Under 2 kilometers,Yes,No,Yes,Yes,,No
20704037,DIRT ROAD (MAINTAINED),NO,No,No,No,No,No,YES,In the community,Yes,No,Yes,No,0 to 5 kilometes,No
20704289,DIRT ROAD (MAINTAINED),NO,No,No,No,No,No,YES,5 and above kilometers,Yes,No,Yes,No,6 to 10 kilometers,No
20704353,DIRT TRACK,YES,No,No,No,No,No,YES,3 to 5 kilometers,No,No,Yes,No,16 to 20 kilometers,No
20704738,DIRT TRACK,YES,No,No,No,No,No,NO,Under 2 kilometers,Yes,No,No,No,11 to 15 kilometers,No
20705328,DIRT ROAD (MAINTAINED),NO,No,No,Yes,Yes,No,NO,Under 2 kilometers,Yes,No,Yes,Yes,,No
20705372,DIRT TRACK,NO,No,No,No,No,No,NO,Under 2 kilometers,Yes,No,No,No,6 to 10 kilometers,No
20705495,DIRT ROAD (MAINTAINED),YES,Yes,No,Yes,Yes,Yes,YES,In the community,Yes,No,Yes,Yes,,No
20705652,DIRT ROAD (MAINTAINED),NO,No,No,No,No,No,YES,3 to 5 kilometers,Yes,No,Yes,Yes,,No
20705657,GRADED GRAVELED,YES,Yes,No,Yes,Yes,No,YES,In the community,Yes,No,Yes,Yes,,No
20706163,DIRT ROAD (MAINTAINED),NO,No,No,Yes,Yes,Yes,YES,3 to 5 kilometers,Yes,No,Yes,Yes,,No
20706294,TAR/ASPHALT,YES,Yes,Yes,Yes,Yes,No,YES,3 to 5 kilometers,Yes,Yes,Yes,Yes,,No
20720368,DIRT ROAD (MAINTAINED),YES,Yes,No,Yes,No,No,YES,Under 2 kilometers,Yes,No,Yes,No,0 to 5 kilometes,No
20801046,GRADED GRAVELED,YES,Yes,No,No,No,No,NO,Under 2 kilometers,Yes,No,Yes,No,6 to 10 kilometers,No
20801208,DIRT ROAD (MAINTAINED),NO,Yes,No,No,Yes,Yes,YES,Under 2 kilometers,Yes,No,Yes,Yes,,No
20801271,GRADED GRAVELED,NO,No,No,No,Yes,No,NO,Under 2 kilometers,No,No,Yes,Yes,,No
20801356,GRADED GRAVELED,NO,No,No,No,No,No,NO,Under 2 kilometers,No,No,Yes,No,6 to 10 kilometers,No
20801497,GRADED GRAVELED,YES,Yes,No,No,Yes,No,NO,Under 2 kilometers,Yes,No,No,Yes,,No
20802019,DIRT ROAD (MAINTAINED),NO,Yes,No,Yes,Yes,No,YES,Under 2 kilometers,Yes,No,Yes,Yes,,No
20802041,DIRT ROAD (MAINTAINED),NO,No,No,No,No,No,NO,Under 2 kilometers,No,No,Yes,No,11 to 15 kilometers,No
20802501,DIRT ROAD (MAINTAINED),YES,Yes,No,No,Yes,No,YES,Under 2 kilometers,No,No,Yes,No,6 to 10 kilometers,No
20803155,GRADED GRAVELED,YES,No,No,No,No,No,NO,3 to 5 kilometers,No,No,Yes,No,11 to 15 kilometers,No
20803156,GRADED GRAVELED,YES,No,No,No,No,No,NO,3 to 5 kilometers,No,No,Yes,No,26 to 30 kilometers,No
20803503,GRADED GRAVELED,YES,Yes,No,No,Yes,No,NO,In the community,Yes,No,Yes,No,6 to 10 kilometers,No
20803599,GRADED GRAVELED,YES,Yes,No,No,Yes,No,NO,Under 2 kilometers,Yes,No,Yes,No,6 to 10 kilometers,No
20803731,TAR/ASPHALT,YES,Yes,Yes,No,No,No,NO,5 and above kilometers,Yes,Yes,No,No,6 to 10 kilometers,No
20804405,DIRT ROAD (MAINTAINED),YES,No,No,No,Yes,No,NO,Under 2 kilometers,Yes,No,Yes,Yes,,No
20804768,GRADED GRAVELED,YES,Yes,No,Yes,Yes,No,YES,Under 2 kilometers,No,No,Yes,No,0 to 5 kilometes,No
20805345,GRADED GRAVELED,NO,No,No,No,No,No,NO,Under 2 kilometers,No,No,Yes,No,0 to 5 kilometes,No
20806131,DIRT ROAD (MAINTAINED),NO,Yes,No,No,Yes,No,YES,3 to 5 kilometers,Yes,No,Yes,Yes,,No
20806546,GRADED GRAVELED,YES,Yes,No,No,No,No,YES,Under 2 kilometers,No,No,No,No,6 to 10 kilometers,No
20806716,GRADED GRAVELED,YES,Yes,No,No,No,No,YES,5 and above kilometers,No,No,Yes,Yes,,No
20807711,GRADED GRAVELED,YES,Yes,No,Yes,Yes,No,NO,Under 2 kilometers,Yes,No,Yes,Yes,,No
20807727,TAR/ASPHALT,YES,Yes,No,No,Yes,No,NO,Under 2 kilometers,Yes,No,No,No,0 to 5 kilometes,No
20807728,GRADED GRAVELED,YES,No,No,No,No,No,NO,Under 2 kilometers,,No,Yes,No,11 to 15 kilometers,No
20808421,DIRT ROAD (MAINTAINED),YES,No,No,No,No,No,NO,5 and above kilometers,Yes,No,Yes,Yes,,Yes
20820318,GRADED GRAVELED,YES,Yes,No,Yes,Yes,Yes,YES,Under 2 kilometers,Yes,Yes,Yes,Yes,,Yes
20901232,GRADED GRAVELED,YES,Yes,No,Yes,Yes,Yes,YES,5 and above kilometers,Yes,No,Yes,Yes,,No
20901276,GRADED GRAVELED,YES,Yes,No,Yes,Yes,Yes,YES,Under 2 kilometers,Yes,No,Yes,Yes,,No
20902437,DIRT ROAD (MAINTAINED),YES,Yes,No,No,Yes,No,YES,3 to 5 kilometers,Yes,No,Yes,No,0 to 5 kilometes,No
20902449,TAR/ASPHALT,YES,Yes,No,No,No,No,YES,5 and above kilometers,Yes,No,Yes,No,0 to 5 kilometes,No
20902461,DIRT ROAD (MAINTAINED),YES,Yes,No,No,No,No,NO,Under 2 kilometers,Yes,No,Yes,No,0 to 5 kilometes,No
20903543,DIRT ROAD (MAINTAINED),YES,No,No,No,No,No,NO,Under 2 kilometers,Yes,No,Yes,No,0 to 5 kilometes,No
20903583,TAR/ASPHALT,YES,Yes,No,Yes,Yes,No,NO,Under 2 kilometers,No,No,Yes,No,0 to 5 kilometes,No
20904018,TAR/ASPHALT,YES,Yes,No,Yes,Yes,No,NO,Under 2 kilometers,No,No,Yes,No,6 to 10 kilometers,No
20904160,TAR/ASPHALT,YES,Yes,No,No,Yes,Yes,YES,3 to 5 kilometers,Yes,No,No,Yes,,No
20904342,TAR/ASPHALT,YES,Yes,No,No,No,No,NO,3 to 5 kilometers,Yes,No,Yes,No,6 to 10 kilometers,No
20904602,DIRT ROAD (MAINTAINED),YES,No,No,No,Yes,No,YES,Under 2 kilometers,Yes,No,Yes,Yes,,No
20905295,DIRT ROAD (MAINTAINED),YES,No,No,No,No,No,NO,3 to 5 kilometers,Yes,No,Yes,No,6 to 10 kilometers,No
20906110,DIRT ROAD (MAINTAINED),YES,Yes,No,Yes,No,No,NO,Under 2 kilometers,Yes,No,Yes,No,0 to 5 kilometes,No
20906524,DIRT ROAD (MAINTAINED),YES,No,No,No,No,No,NO,Under 2 kilometers,Yes,No,No,No,0 to 5 kilometes,No
20906605,DIRT ROAD (MAINTAINED),YES,Yes,No,No,No,No,NO,Under 2 kilometers,Yes,No,Yes,No,0 to 5 kilometes,No
20907238,TAR/ASPHALT,YES,Yes,No,Yes,Yes,Yes,YES,Under 2 kilometers,Yes,No,Yes,Yes,,No
20908051,DIRT ROAD (MAINTAINED),YES,No,No,Yes,No,No,NO,5 and above kilometers,Yes,No,Yes,No,11 to 15 kilometers,No
20908088,DIRT ROAD (MAINTAINED),YES,Yes,No,Yes,Yes,No,YES,Under 2 kilometers,Yes,No,Yes,Yes,,No
20908119,DIRT ROAD (MAINTAINED),YES,Yes,No,Yes,Yes,Yes,NO,Under 2 kilometers,Yes,No,No,Yes,,No
20908293,TAR/ASPHALT,YES,Yes,No,Yes,Yes,Yes,YES,Under 2 kilometers,Yes,No,Yes,Yes,,No
20908329,DIRT ROAD (MAINTAINED),YES,Yes,No,No,Yes,No,NO,Under 2 kilometers,No,No,Yes,No,11 to 15 kilometers,No
20908538,DIRT ROAD (MAINTAINED),YES,Yes,No,Yes,Yes,No,NO,Under 2 kilometers,Yes,No,No,No,0 to 5 kilometes,No
20909113,TAR/ASPHALT,YES,Yes,No,Yes,Yes,No,YES,Under 2 kilometers,Yes,No,Yes,No,0 to 5 kilometes,No
20920520,TAR/ASPHALT,YES,Yes,No,Yes,Yes,Yes,YES,3 to 5 kilometers,Yes,No,Yes,Yes,,Yes
21031643,TAR/ASPHALT,YES,Yes,Yes,Yes,Yes,No,YES,In the community,Yes,Yes,Yes,No,0 to 5 kilometes,No
21037030,DIRT ROAD (MAINTAINED),YES,No,Yes,Yes,No,No,YES,Under 2 kilometers,Yes,Yes,Yes,No,0 to 5 kilometes,No
21037224,TAR/ASPHALT,YES,Yes,Yes,Yes,Yes,Yes,YES,In the community,Yes,Yes,Yes,Yes,,No
21037536,DIRT ROAD (MAINTAINED),YES,Yes,Yes,Yes,No,Yes,YES,Under 2 kilometers,Yes,Yes,Yes,Yes,,No
21038392,TAR/ASPHALT,YES,Yes,Yes,Yes,Yes,No,YES,In the community,Yes,Yes,Yes,No,0 to 5 kilometes,No
21038763,TAR/ASPHALT,YES,Yes,Yes,Yes,Yes,No,YES,In the community,Yes,Yes,Yes,No,0 to 5 kilometes,Yes
21048764,TAR/ASPHALT,YES,Yes,Yes,No,No,No,YES,Under 2 kilometers,Yes,No,Yes,Yes,,No
21051203,TAR/ASPHALT,YES,Yes,Yes,Yes,No,No,YES,In the community,Yes,Yes,Yes,No,0 to 5 kilometes,No
21051517,TAR/ASPHALT,YES,Yes,Yes,Yes,Yes,No,YES,In the community,Yes,Yes,Yes,No,0 to 5 kilometes,No
21052427,GRADED GRAVELED,YES,Yes,Yes,Yes,No,No,YES,Under 2 kilometers,Yes,Yes,Yes,No,0 to 5 kilometes,No
21052642,TAR/ASPHALT,YES,Yes,Yes,Yes,Yes,No,YES,In the community,Yes,Yes,Yes,No,0 to 5 kilometes,No
21053430,DIRT ROAD (MAINTAINED),YES,No,Yes,Yes,No,No,YES,Under 2 kilometers,Yes,Yes,Yes,No,0 to 5 kilometes,No
21053745,DIRT ROAD (MAINTAINED),YES,Yes,Yes,No,No,No,YES,Under 2 kilometers,Yes,Yes,Yes,No,0 to 5 kilometes,No
21054673,DIRT ROAD (MAINTAINED),YES,Yes,Yes,Yes,Yes,No,YES,3 to 5 kilometers,No,Yes,Yes,No,11 to 15 kilometers,No
21055165,TAR/ASPHALT,YES,Yes,Yes,Yes,Yes,No,YES,In the community,Yes,Yes,Yes,No,0 to 5 kilometes,No
21055241,DIRT ROAD (MAINTAINED),YES,No,Yes,No,No,No,YES,Under 2 kilometers,Yes,No,Yes,No,0 to 5 kilometes,No
21055693,DIRT ROAD (MAINTAINED),YES,Yes,Yes,Yes,No,No,YES,Under 2 kilometers,Yes,Yes,Yes,No,0 to 5 kilometes,No
21056222,DIRT ROAD (MAINTAINED),YES,No,Yes,No,No,No,YES,3 to 5 kilometers,Yes,No,Yes,No,6 to 10 kilometers,No
21066096,TAR/ASPHALT,YES,Yes,Yes,Yes,No,No,YES,In the community,Yes,Yes,Yes,No,0 to 5 kilometes,No
21066339,DIRT ROAD (MAINTAINED),YES,Yes,Yes,Yes,No,No,YES,Under 2 kilometers,Yes,Yes,Yes,Yes,0 to 5 kilometes,No
21066478,DIRT TRACK,NO,No,Yes,Yes,Yes,No,YES,3 to 5 kilometers,Yes,No,Yes,No,0 to 5 kilometes,No
21069400,TAR/ASPHALT,YES,Yes,Yes,Yes,No,No,YES,In the community,Yes,Yes,Yes,No,6 to 10 kilometers,Yes
21074510,DIRT ROAD (MAINTAINED),YES,Yes,Yes,No,No,No,NO,Under 2 kilometers,Yes,No,No,No,0 to 5 kilometes,No
21077725,TAR/ASPHALT,YES,Yes,Yes,No,No,No,YES,Under 2 kilometers,Yes,No,No,No,0 to 5 kilometes,No
21079006,DIRT ROAD (MAINTAINED),YES,No,Yes,Yes,No,No,YES,Under 2 kilometers,Yes,No,Yes,Yes,,No
21080308,DIRT ROAD (MAINTAINED),YES,Yes,Yes,Yes,No,No,YES,Under 2 kilometers,Yes,No,Yes,No,0 to 5 kilometes,No
21080755,DIRT TRACK,YES,Yes,Yes,Yes,Yes,No,YES,In the community,Yes,No,Yes,No,16 to 20 kilometers,No
21081573,DIRT TRACK,NO,No,Yes,Yes,No,No,YES,3 to 5 kilometers,Yes,No,Yes,No,0 to 5 kilometes,No
21083535,TAR/ASPHALT,YES,Yes,Yes,Yes,Yes,Yes,YES,In the community,Yes,No,Yes,Yes,,Yes
21085094,GRADED GRAVELED,YES,No,No,No,No,No,YES,In the community,Yes,No,Yes,No,6 to 10 kilometers,No
21086069,TAR/ASPHALT,YES,Yes,Yes,Yes,No,No,YES,In the community,Yes,Yes,Yes,No,6 to 10 kilometers,No
21086436,DIRT ROAD (MAINTAINED),YES,Yes,Yes,No,No,No,YES,3 to 5 kilometers,Yes,No,Yes,No,0 to 5 kilometes,No
21087057,TAR/ASPHALT,YES,Yes,Yes,Yes,Yes,No,YES,In the community,Yes,Yes,Yes,Yes,,No
21087531,DIRT ROAD (MAINTAINED),YES,Yes,Yes,Yes,Yes,No,YES,Under 2 kilometers,Yes,Yes,Yes,No,0 to 5 kilometes,No
21087736,TAR/ASPHALT,YES,Yes,Yes,Yes,Yes,No,YES,In the community,Yes,Yes,Yes,No,0 to 5 kilometes,No
21088597,DIRT ROAD (MAINTAINED),YES,No,Yes,No,No,No,NO,Under 2 kilometers,Yes,No,Yes,Yes,,No
30101280,DIRT ROAD (MAINTAINED),YES,Yes,No,No,No,No,YES,In the community,Yes,No,No,No,Above 30 kilometers,No
30101545,DIRT ROAD (MAINTAINED),NO,Yes,No,Yes,Yes,Yes,YES,3 to 5 kilometers,Yes,No,Yes,No,16 to 20 kilometers,No
30101552,TAR/ASPHALT,YES,Yes,No,Yes,Yes,No,NO,,Yes,No,Yes,No,0 to 5 kilometes,No
30102028,GRADED GRAVELED,YES,No,No,No,Yes,No,YES,Under 2 kilometers,No,No,Yes,No,0 to 5 kilometes,No
30102540,DIRT ROAD (MAINTAINED),NO,No,No,No,No,No,NO,,Yes,No,Yes,No,6 to 10 kilometers,No
30102632,TAR/ASPHALT,YES,Yes,No,No,No,No,NO,,No,No,No,Yes,,No
30102641,DIRT ROAD (MAINTAINED),NO,No,No,No,No,No,NO,,No,No,Yes,No,11 to 15 kilometers,No
30103021,TAR/ASPHALT,YES,Yes,No,Yes,No,No,NO,,Yes,No,Yes,No,6 to 10 kilometers,No
30103074,DIRT ROAD (MAINTAINED),YES,No,No,No,No,No,NO,5 and above kilometers,Yes,No,Yes,No,6 to 10 kilometers,No
30103420,TAR/ASPHALT,YES,Yes,No,Yes,Yes,No,NO,Under 2 kilometers,Yes,No,Yes,No,6 to 10 kilometers,No
30104022,DIRT ROAD (MAINTAINED),YES,No,No,Yes,No,No,NO,,No,No,Yes,No,6 to 10 kilometers,No
30104040,TAR/ASPHALT,YES,Yes,No,Yes,Yes,No,NO,Under 2 kilometers,No,No,Yes,Yes,,No
30104708,GRADED GRAVELED,YES,No,No,No,Yes,No,YES,Under 2 kilometers,Yes,No,No,No,21 to 25 kilometers,No
30105325,TAR/ASPHALT,YES,Yes,No,Yes,Yes,No,YES,,Yes,No,Yes,Yes,,No
30105448,DIRT ROAD (MAINTAINED),YES,Yes,No,No,No,No,NO,5 and above kilometers,No,No,Yes,No,6 to 10 kilometers,No
30106005,DIRT ROAD (MAINTAINED),YES,No,No,Yes,Yes,No,NO,3 to 5 kilometers,No,No,No,No,6 to 10 kilometers,No
30106331,TAR/ASPHALT,YES,Yes,No,Yes,Yes,No,NO,Under 2 kilometers,Yes,No,Yes,No,0 to 5 kilometes,No
30106750,GRADED GRAVELED,NO,Yes,No,No,Yes,No,NO,3 to 5 kilometers,No,No,Yes,No,Above 30 kilometers,No
30107395,GRADED GRAVELED,YES,No,No,Yes,No,No,YES,Under 2 kilometers,Yes,No,No,No,0 to 5 kilometes,No
30107624,DIRT ROAD (MAINTAINED),YES,Yes,No,No,No,No,NO,,No,No,No,No,6 to 10 kilometers,No
30108117,DIRT ROAD (MAINTAINED),YES,Yes,No,Yes,No,No,NO,5 and above kilometers,Yes,No,Yes,No,6 to 10 kilometers,No
30108401,GRADED GRAVELED,YES,Yes,No,Yes,Yes,No,NO,5 and above kilometers,Yes,No,Yes,Yes,,No
30109724,GRADED GRAVELED,NO,Yes,No,No,No,No,NO,Under 2 kilometers,Yes,No,No,No,6 to 10 kilometers,No
30120262,TAR/ASPHALT,YES,Yes,No,Yes,No,No,NO,Under 2 kilometers,No,No,Yes,No,0 to 5 kilometes,No
30201076,DIRT ROAD (MAINTAINED),YES,No,No,No,No,No,NO,5 and above kilometers,Yes,No,No,No,6 to 10 kilometers,No
30201146,TAR/ASPHALT,YES,Yes,No,No,No,No,NO,Under 2 kilometers,Yes,No,Yes,No,0 to 5 kilometes,No
30201498,TAR/ASPHALT,YES,Yes,No,No,No,No,NO,In the community,No,No,Yes,No,6 to 10 kilometers,No
30201587,GRADED GRAVELED,YES,Yes,No,Yes,Yes,No,YES,Under 2 kilometers,Yes,No,Yes,Yes,,No
30202252,TAR/ASPHALT,YES,Yes,No,No,No,No,YES,5 and above kilometers,Yes,No,Yes,No,0 to 5 kilometes,No
30202403,DIRT ROAD (MAINTAINED),NO,No,No,No,No,No,NO,3 to 5 kilometers,Yes,No,No,No,16 to 20 kilometers,No
30203044,GRADED GRAVELED,YES,No,No,Yes,Yes,No,NO,,No,No,No,Yes,,No
30203122,DIRT ROAD (MAINTAINED),YES,No,No,No,No,No,NO,3 to 5 kilometers,No,No,Yes,No,0 to 5 kilometes,No
30203142,DIRT ROAD (MAINTAINED),NO,No,No,Yes,Yes,No,NO,3 to 5 kilometers,Yes,No,Yes,No,0 to 5 kilometes,No
30203256,GRADED GRAVELED,YES,Yes,No,No,No,No,NO,3 to 5 kilometers,Yes,No,No,No,26 to 30 kilometers,Yes
30203767,DIRT ROAD (MAINTAINED),YES,No,No,Yes,Yes,No,NO,Under 2 kilometers,Yes,No,No,No,11 to 15 kilometers,No
30204126,DIRT ROAD (MAINTAINED),NO,No,No,No,No,No,NO,,Yes,No,Yes,No,0 to 5 kilometes,No
30205702,DIRT ROAD (MAINTAINED),YES,Yes,No,No,No,No,NO,Under 2 kilometers,No,No,Yes,No,0 to 5 kilometes,No
30206341,TAR/ASPHALT,YES,Yes,No,Yes,Yes,No,YES,In the community,No,No,Yes,Yes,,Yes
30206572,GRADED GRAVELED,YES,Yes,No,No,No,No,NO,Under 2 kilometers,Yes,No,Yes,No,6 to 10 kilometers,No
30207060,DIRT ROAD (MAINTAINED),YES,Yes,No,No,No,No,NO,3 to 5 kilometers,No,No,No,No,0 to 5 kilometes,No
30207188,DIRT ROAD (MAINTAINED),NO,No,No,No,No,No,NO,5 and above kilometers,No,No,Yes,No,26 to 30 kilometers,No
30207491,DIRT ROAD (MAINTAINED),NO,Yes,No,No,No,No,NO,Under 2 kilometers,No,No,No,No,6 to 10 kilometers,No
30208396,DIRT ROAD (MAINTAINED),YES,Yes,No,No,No,No,NO,3 to 5 kilometers,No,No,Yes,No,0 to 5 kilometes,No
30209287,TAR/ASPHALT,YES,Yes,No,Yes,Yes,No,NO,,Yes,No,Yes,Yes,,No
30212167,DIRT ROAD (MAINTAINED),YES,No,No,No,No,No,NO,Under 2 kilometers,No,No,Yes,No,0 to 5 kilometes,No
30212307,DIRT ROAD (MAINTAINED),YES,No,No,Yes,Yes,No,YES,3 to 5 kilometers,Yes,No,Yes,Yes,,No
30212492,DIRT TRACK,NO,No,No,No,No,No,NO,Under 2 kilometers,No,No,Yes,No,Above 30 kilometers,No
30222077,TAR/ASPHALT,YES,Yes,No,No,No,No,NO,3 to 5 kilometers,Yes,No,Yes,No,0 to 5 kilometes,No
30301554,DIRT ROAD (MAINTAINED),YES,No,Yes,Yes,Yes,Yes,YES,5 and above kilometers,No,No,Yes,No,0 to 5 kilometes,No
30301576,DIRT ROAD (MAINTAINED),YES,Yes,No,No,No,No,NO,3 to 5 kilometers,No,No,Yes,No,0 to 5 kilometes,No
30301590,DIRT ROAD (MAINTAINED),YES,No,No,No,No,No,NO,3 to 5 kilometers,Yes,No,Yes,No,6 to 10 kilometers,No
30302283,DIRT ROAD (MAINTAINED),YES,Yes,No,Yes,No,No,YES,5 and above kilometers,Yes,No,Yes,Yes,,No
30302357,DIRT ROAD (MAINTAINED),NO,No,Yes,Yes,Yes,No,NO,3 to 5 kilometers,Yes,No,Yes,Yes,,No
30302601,GRADED GRAVELED,NO,No,No,No,No,No,NO,3 to 5 kilometers,Yes,No,No,No,0 to 5 kilometes,No
30302687,DIRT ROAD (MAINTAINED),NO,No,No,No,No,No,NO,Under 2 kilometers,No,No,No,No,0 to 5 kilometes,No
30302692,DIRT ROAD (MAINTAINED),NO,No,No,No,Yes,No,NO,Under 2 kilometers,Yes,No,No,No,0 to 5 kilometes,No
30304139,DIRT ROAD (MAINTAINED),YES,No,No,No,Yes,No,NO,Under 2 kilometers,Yes,No,Yes,Yes,,No
30304143,DIRT ROAD (MAINTAINED),YES,Yes,Yes,No,No,No,NO,Under 2 kilometers,No,No,Yes,No,0 to 5 kilometes,No
30305082,DIRT ROAD (MAINTAINED),NO,No,No,No,Yes,No,NO,Under 2 kilometers,Yes,No,No,No,6 to 10 kilometers,No
30305258,DIRT ROAD (MAINTAINED),NO,No,No,No,Yes,No,NO,3 to 5 kilometers,Yes,No,Yes,No,0 to 5 kilometes,No
30305277,DIRT ROAD (MAINTAINED),YES,Yes,No,No,Yes,Yes,NO,Under 2 kilometers,Yes,No,Yes,No,0 to 5 kilometes,No
30305506,DIRT ROAD (MAINTAINED),NO,No,No,No,No,No,NO,Under 2 kilometers,Yes,No,Yes,No,0 to 5 kilometes,No
30305561,DIRT ROAD (MAINTAINED),NO,No,No,No,No,No,NO,3 to 5 kilometers,No,No,Yes,No,11 to 15 kilometers,No
30305580,DIRT ROAD (MAINTAINED),YES,No,No,No,No,No,NO,5 and above kilometers,Yes,No,No,No,11 to 15 kilometers,No
30306024,DIRT ROAD (MAINTAINED),YES,No,No,No,No,No,NO,5 and above kilometers,Yes,No,Yes,No,6 to 10 kilometers,No
30306056,DIRT ROAD (MAINTAINED),NO,No,No,No,No,No,NO,5 and above kilometers,Yes,No,Yes,Yes,,No
30306087,DIRT ROAD (MAINTAINED),NO,No,No,No,No,No,NO,3 to 5 kilometers,Yes,No,Yes,No,0 to 5 kilometes,No
30306460,DIRT ROAD (MAINTAINED),NO,No,No,No,No,No,YES,5 and above kilometers,No,No,No,No,0 to 5 kilometes,No
30306555,DIRT ROAD (MAINTAINED),NO,No,No,No,No,No,NO,Under 2 kilometers,Yes,No,No,No,21 to 25 kilometers,No
30306594,DIRT ROAD (MAINTAINED),NO,No,No,No,No,No,YES,3 to 5 kilometers,No,No,Yes,No,6 to 10 kilometers,No
30307577,TAR/ASPHALT,YES,Yes,No,Yes,Yes,Yes,NO,Under 2 kilometers,Yes,No,Yes,Yes,,No
30307678,TAR/ASPHALT,YES,Yes,Yes,Yes,No,Yes,YES,Under 2 kilometers,Yes,No,Yes,No,0 to 5 kilometes,No
30401015,DIRT ROAD (MAINTAINED),YES,No,No,No,No,No,NO,In the community,Yes,No,No,No,Above 30 kilometers,No
30401062,TAR/ASPHALT,YES,Yes,No,Yes,No,Yes,YES,5 and above kilometers,Yes,No,Yes,No,26 to 30 kilometers,No
30401178,GRADED GRAVELED,YES,No,No,Yes,Yes,Yes,YES,In the community,Yes,No,Yes,No,6 to 10 kilometers,No
30401397,GRADED GRAVELED,YES,No,No,Yes,Yes,No,NO,In the community,Yes,No,Yes,Yes,,No
30402291,DIRT ROAD (MAINTAINED),YES,No,No,No,Yes,No,NO,,Yes,No,No,No,Above 30 kilometers,No
30402402,DIRT ROAD (MAINTAINED),NO,No,No,No,No,Yes,NO,5 and above kilometers,Yes,No,Yes,No,16 to 20 kilometers,No
30402515,DIRT ROAD (MAINTAINED),YES,No,No,No,No,No,YES,In the community,Yes,No,No,No,6 to 10 kilometers,No
30402570,TAR/ASPHALT,YES,Yes,No,Yes,Yes,No,NO,In the community,No,No,Yes,No,0 to 5 kilometes,No
30402669,DIRT ROAD (MAINTAINED),YES,No,No,No,No,No,NO,In the community,Yes,No,No,No,6 to 10 kilometers,No
30403185,DIRT ROAD (MAINTAINED),YES,No,No,No,No,No,NO,In the community,Yes,No,Yes,No,0 to 5 kilometes,No
30403225,DIRT ROAD (MAINTAINED),NO,Yes,No,No,No,No,NO,5 and above kilometers,Yes,No,Yes,No,6 to 10 kilometers,No
30403261,DIRT ROAD (MAINTAINED),YES,No,No,No,No,No,NO,3 to 5 kilometers,Yes,No,No,No,0 to 5 kilometes,No
30403444,DIRT ROAD (MAINTAINED),YES,Yes,No,Yes,Yes,Yes,YES,,Yes,No,Yes,Yes,,No
30403558,DIRT ROAD (MAINTAINED),YES,No,No,No,No,No,NO,3 to 5 kilometers,Yes,No,Yes,No,0 to 5 kilometes,No
30403699,DIRT ROAD (MAINTAINED),NO,No,No,No,No,No,NO,3 to 5 kilometers,No,No,No,No,6 to 10 kilometers,No
30403766,DIRT ROAD (MAINTAINED),NO,No,No,No,No,No,NO,In the community,Yes,No,No,No,0 to 5 kilometes,No
30404093,DIRT ROAD (MAINTAINED),YES,No,No,No,No,No,NO,In the community,Yes,No,No,Yes,,No
30404458,DIRT ROAD (MAINTAINED),NO,No,No,No,No,No,YES,Under 2 kilometers,Yes,No,No,No,0 to 5 kilometes,No
30404493,DIRT ROAD (MAINTAINED),YES,No,No,Yes,Yes,Yes,YES,In the community,Yes,No,Yes,Yes,,No
30405588,DIRT ROAD (MAINTAINED),NO,No,No,No,No,No,NO,In the community,Yes,No,No,No,Above 30 kilometers,No
30406125,DIRT ROAD (MAINTAINED),YES,No,No,Yes,No,No,NO,,No,No,Yes,No,0 to 5 kilometes,No
30406378,DIRT ROAD (MAINTAINED),YES,No,No,No,Yes,No,NO,In the community,Yes,No,No,Yes,,No
30406710,DIRT ROAD (MAINTAINED),NO,No,No,No,Yes,No,NO,3 to 5 kilometers,Yes,No,No,No,0 to 5 kilometes,No
30420223,TAR/ASPHALT,YES,Yes,No,No,No,Yes,YES,In the community,Yes,No,Yes,Yes,,No
30501008,TAR/ASPHALT,YES,Yes,No,Yes,Yes,Yes,YES,In the community,No,No,Yes,No,11 to 15 kilometers,Yes
30501020,GRADED GRAVELED,YES,No,No,No,Yes,No,NO,In the community,No,No,No,No,6 to 10 kilometers,No
30501359,DIRT ROAD (MAINTAINED),YES,No,No,No,No,No,NO,Under 2 kilometers,Yes,No,No,No,11 to 15 kilometers,No
30501383,GRADED GRAVELED,YES,Yes,No,No,No,No,NO,5 and above kilometers,Yes,No,Yes,No,11 to 15 kilometers,No
30501566,GRADED GRAVELED,NO,No,No,No,No,No,NO,In the community,No,No,No,No,11 to 15 kilometers,No
30502418,DIRT TRACK,NO,No,No,No,Yes,No,NO,In the community,Yes,No,No,Yes,,No
30502456,DIRT ROAD (MAINTAINED),NO,No,No,No,No,No,NO,5 and above kilometers,Yes,No,No,No,6 to 10 kilometers,No
30503214,DIRT ROAD (MAINTAINED),YES,No,No,No,No,No,NO,Under 2 kilometers,Yes,No,Yes,No,6 to 10 kilometers,No
30503292,DIRT ROAD (MAINTAINED),NO,No,No,No,No,No,NO,5 and above kilometers,Yes,No,No,No,11 to 15 kilometers,No
30503685,DIRT ROAD (MAINTAINED),NO,No,No,Yes,No,No,NO,In the community,No,No,Yes,No,0 to 5 kilometes,No
30504251,DIRT ROAD (MAINTAINED),YES,Yes,No,Yes,Yes,No,YES,Under 2 kilometers,Yes,No,Yes,No,0 to 5 kilometes,No
30504518,DIRT ROAD (MAINTAINED),NO,No,No,No,No,No,NO,5 and above kilometers,Yes,No,No,No,6 to 10 kilometers,No
30505180,DIRT ROAD (MAINTAINED),YES,No,No,No,No,No,NO,In the community,Yes,No,No,No,6 to 10 kilometers,No
30506017,DIRT ROAD (MAINTAINED),NO,No,No,No,No,No,NO,5 and above kilometers,Yes,No,Yes,No,6 to 10 kilometers,No
30506031,DIRT ROAD (MAINTAINED),YES,Yes,No,No,No,No,NO,In the community,No,No,Yes,No,0 to 5 kilometes,No
30506105,TAR/ASPHALT,YES,Yes,No,Yes,No,No,NO,In the community,No,No,No,No,6 to 10 kilometers,No
30506326,DIRT ROAD (MAINTAINED),NO,No,No,No,No,No,NO,In the community,No,Yes,Yes,Yes,,No
30506457,DIRT ROAD (MAINTAINED),NO,Yes,No,Yes,No,No,NO,,Yes,No,No,No,6 to 10 kilometers,No
30506748,DIRT ROAD (MAINTAINED),YES,No,No,No,Yes,No,NO,3 to 5 kilometers,Yes,Yes,No,No,6 to 10 kilometers,No
30507667,DIRT ROAD (MAINTAINED),YES,No,No,No,Yes,No,NO,In the community,Yes,No,Yes,No,11 to 15 kilometers,No
30508364,DIRT ROAD (MAINTAINED),NO,No,No,No,No,No,YES,In the community,Yes,No,Yes,No,0 to 5 kilometes,No
30508435,DIRT ROAD (MAINTAINED),NO,No,No,No,No,No,NO,5 and above kilometers,Yes,No,No,No,11 to 15 kilometers,No
30508473,DIRT ROAD (MAINTAINED),YES,No,No,No,No,No,NO,5 and above kilometers,Yes,No,No,No,11 to 15 kilometers,No
30508629,DIRT ROAD (MAINTAINED),YES,No,No,No,No,No,NO,5 and above kilometers,Yes,No,No,No,6 to 10 kilometers,No
30601052,GRADED GRAVELED,YES,No,No,No,No,No,NO,3 to 5 kilometers,No,No,No,No,6 to 10 kilometers,No
30601144,GRADED GRAVELED,YES,No,No,Yes,No,No,NO,5 and above kilometers,Yes,No,Yes,No,6 to 10 kilometers,No
30601190,DIRT ROAD (MAINTAINED),NO,No,No,No,No,No,NO,Under 2 kilometers,No,No,Yes,No,6 to 10 kilometers,No
30601191,GRADED GRAVELED,YES,No,No,No,No,No,NO,Under 2 kilometers,Yes,No,Yes,No,Above 30 kilometers,No
30601428,GRADED GRAVELED,YES,No,No,No,No,No,NO,Under 2 kilometers,No,No,No,No,16 to 20 kilometers,No
30601526,DIRT ROAD (MAINTAINED),YES,No,No,No,No,No,NO,Under 2 kilometers,No,No,Yes,No,11 to 15 kilometers,No
30601608,GRADED GRAVELED,YES,No,No,No,No,No,NO,3 to 5 kilometers,Yes,No,Yes,No,0 to 5 kilometes,No
30601639,DIRT ROAD (MAINTAINED),YES,No,No,Yes,Yes,No,NO,Under 2 kilometers,No,No,Yes,No,0 to 5 kilometes,No
30601746,DIRT ROAD (MAINTAINED),YES,No,No,No,Yes,No,NO,Under 2 kilometers,Yes,No,Yes,No,6 to 10 kilometers,No
30602059,DIRT ROAD (MAINTAINED),YES,No,No,No,No,No,NO,Under 2 kilometers,Yes,No,Yes,No,11 to 15 kilometers,No
30602217,DIRT ROAD (MAINTAINED),NO,No,No,No,No,No,NO,,Yes,No,Yes,No,11 to 15 kilometers,No
30602220,GRADED GRAVELED,YES,No,No,No,No,No,NO,5 and above kilometers,Yes,No,No,No,26 to 30 kilometers,No
30602235,DIRT ROAD (MAINTAINED),YES,No,No,No,No,Yes,YES,3 to 5 kilometers,Yes,No,No,Yes,,No
30602408,GRADED GRAVELED,YES,No,No,No,No,No,NO,3 to 5 kilometers,Yes,No,No,No,Above 30 kilometers,No
30602443,GRADED GRAVELED,YES,No,No,No,No,No,NO,3 to 5 kilometers,Yes,No,Yes,No,26 to 30 kilometers,No
30602445,TAR/ASPHALT,YES,Yes,No,No,No,No,NO,5 and above kilometers,Yes,Yes,Yes,No,6 to 10 kilometers,No
30602472,GRADED GRAVELED,YES,No,No,No,No,No,NO,3 to 5 kilometers,Yes,No,Yes,No,6 to 10 kilometers,No
30602512,GRADED GRAVELED,YES,No,No,No,No,Yes,NO,5 and above kilometers,Yes,No,No,No,0 to 5 kilometes,No
30602713,GRADED GRAVELED,NO,No,No,No,No,No,NO,5 and above kilometers,Yes,No,No,No,16 to 20 kilometers,No
30602734,DIRT ROAD (MAINTAINED),YES,No,No,No,No,No,NO,Under 2 kilometers,Yes,No,Yes,No,6 to 10 kilometers,No
30620179,TAR/ASPHALT,YES,Yes,No,Yes,Yes,Yes,YES,Under 2 kilometers,Yes,No,Yes,Yes,,No
30620196,TAR/ASPHALT,YES,Yes,No,Yes,Yes,No,NO,Under 2 kilometers,Yes,No,Yes,No,0 to 5 kilometes,No
30620323,TAR/ASPHALT,YES,Yes,No,No,No,No,NO,Under 2 kilometers,Yes,No,Yes,No,0 to 5 kilometes,No
30620644,GRADED GRAVELED,YES,Yes,Yes,No,No,No,NO,5 and above kilometers,Yes,No,Yes,No,0 to 5 kilometes,No
30701411,DIRT ROAD (MAINTAINED),YES,Yes,No,Yes,No,Yes,YES,Under 2 kilometers,No,No,Yes,Yes,,Yes
30702134,DIRT ROAD (MAINTAINED),NO,No,No,No,No,No,NO,3 to 5 kilometers,No,No,Yes,No,6 to 10 kilometers,No
30703381,DIRT ROAD (MAINTAINED),YES,Yes,No,No,Yes,No,YES,3 to 5 kilometers,Yes,No,Yes,Yes,,No
30704158,DIRT ROAD (MAINTAINED),YES,No,No,Yes,Yes,Yes,YES,Under 2 kilometers,Yes,No,Yes,No,16 to 20 kilometers,No
30704313,DIRT ROAD (MAINTAINED),NO,No,No,No,No,No,NO,5 and above kilometers,No,No,Yes,No,16 to 20 kilometers,No
30705248,DIRT ROAD (MAINTAINED),NO,No,No,No,No,No,YES,5 and above kilometers,No,No,Yes,No,11 to 15 kilometers,No
30705391,GRADED GRAVELED,YES,No,No,No,No,No,YES,3 to 5 kilometers,Yes,Yes,Yes,Yes,,No
30706619,GRADED GRAVELED,NO,No,No,No,No,No,NO,5 and above kilometers,No,No,Yes,No,6 to 10 kilometers,No
30706743,DIRT ROAD (MAINTAINED),YES,Yes,No,No,Yes,No,YES,3 to 5 kilometers,No,No,Yes,No,6 to 10 kilometers,No
30707534,DIRT ROAD (MAINTAINED),YES,No,No,No,Yes,No,YES,Under 2 kilometers,No,No,Yes,No,16 to 20 kilometers,No
30707722,GRADED GRAVELED,YES,No,No,Yes,Yes,Yes,YES,3 to 5 kilometers,Yes,No,Yes,Yes,,No
30708338,DIRT ROAD (MAINTAINED),YES,No,No,No,No,No,YES,Under 2 kilometers,Yes,No,Yes,Yes,,No
30708665,TAR/ASPHALT,YES,Yes,No,Yes,Yes,No,NO,Under 2 kilometers,Yes,No,Yes,Yes,,No
30709116,DIRT ROAD (MAINTAINED),NO,No,No,No,No,No,NO,3 to 5 kilometers,No,No,Yes,Yes,,No
30709358,DIRT ROAD (MAINTAINED),NO,No,No,No,Yes,No,YES,5 and above kilometers,No,No,Yes,No,11 to 15 kilometers,No
30709438,DIRT ROAD (MAINTAINED),NO,Yes,No,No,Yes,No,YES,Under 2 kilometers,No,No,Yes,Yes,,No
30709650,DIRT ROAD (MAINTAINED),YES,No,No,No,Yes,No,NO,3 to 5 kilometers,Yes,Yes,Yes,Yes,,No
30709698,TAR/ASPHALT,YES,No,No,No,No,No,YES,,Yes,No,Yes,Yes,,No
30710079,TAR/ASPHALT,YES,Yes,No,Yes,Yes,No,YES,3 to 5 kilometers,Yes,No,Yes,Yes,,No
30710128,DIRT ROAD (MAINTAINED),NO,No,No,No,No,No,NO,Under 2 kilometers,No,No,Yes,No,6 to 10 kilometers,No
30710157,DIRT ROAD (MAINTAINED),NO,No,No,No,Yes,No,NO,Under 2 kilometers,Yes,No,Yes,No,6 to 10 kilometers,No
30710451,GRADED GRAVELED,YES,No,No,No,No,No,YES,Under 2 kilometers,Yes,Yes,Yes,Yes,,No
30711684,DIRT ROAD (MAINTAINED),NO,No,No,No,No,No,NO,Under 2 kilometers,Yes,No,Yes,Yes,,No
30720666,TAR/ASPHALT,YES,Yes,Yes,Yes,Yes,Yes,YES,Under 2 kilometers,Yes,Yes,Yes,Yes,,Yes
30801205,GRADED GRAVELED,YES,No,No,No,No,No,NO,,Yes,No,No,No,26 to 30 kilometers,No
30801300,TAR/ASPHALT,YES,Yes,No,No,Yes,Yes,NO,5 and above kilometers,Yes,No,No,Yes,,No
30801305,DIRT TRACK,YES,No,No,No,No,No,NO,,Yes,No,No,No,6 to 10 kilometers,No
30801386,DIRT TRACK,NO,No,No,No,No,No,NO,,Yes,No,No,No,0 to 5 kilometes,No
30801631,DIRT TRACK,NO,No,No,No,No,No,NO,3 to 5 kilometers,Yes,No,No,No,0 to 5 kilometes,No
30801672,DIRT ROAD (MAINTAINED),NO,No,No,No,No,No,NO,3 to 5 kilometers,Yes,No,No,No,0 to 5 kilometes,No
30801679,DIRT ROAD (MAINTAINED),NO,No,No,No,No,No,NO,Under 2 kilometers,Yes,No,No,No,6 to 10 kilometers,No
30802036,GRADED GRAVELED,YES,No,No,No,No,No,NO,Under 2 kilometers,Yes,No,No,No,26 to 30 kilometers,No
30802485,DIRT TRACK,NO,No,No,No,No,No,NO,,Yes,No,No,No,6 to 10 kilometers,No
30802579,DIRT TRACK,NO,No,No,No,No,No,NO,3 to 5 kilometers,Yes,No,No,No,0 to 5 kilometes,No
30803115,GRADED GRAVELED,YES,No,No,No,No,No,NO,,Yes,No,Yes,No,6 to 10 kilometers,No
30803233,GRADED GRAVELED,YES,Yes,No,Yes,Yes,Yes,YES,,Yes,No,Yes,Yes,,No
30803321,DIRT ROAD (MAINTAINED),YES,No,No,No,No,No,NO,5 and above kilometers,Yes,No,No,No,6 to 10 kilometers,No
30803480,DIRT ROAD (MAINTAINED),NO,No,No,No,No,No,NO,5 and above kilometers,Yes,No,No,No,11 to 15 kilometers,No
30804416,GRADED GRAVELED,YES,Yes,No,Yes,Yes,No,NO,,Yes,No,Yes,Yes,,No
30804426,DIRT TRACK,NO,No,No,No,No,No,NO,,Yes,No,No,No,0 to 5 kilometes,No
30805259,DIRT ROAD (MAINTAINED),YES,No,No,No,Yes,No,NO,5 and above kilometers,Yes,No,No,No,6 to 10 kilometers,No
30805375,DIRT TRACK,NO,No,No,No,No,No,NO,,No,No,No,No,0 to 5 kilometes,No
30805463,GRADED GRAVELED,YES,Yes,No,No,No,No,NO,Under 2 kilometers,Yes,No,No,No,0 to 5 kilometes,No
30805551,DIRT ROAD (MAINTAINED),NO,No,No,No,No,No,NO,Under 2 kilometers,Yes,No,No,No,0 to 5 kilometes,No
30806145,GRADED GRAVELED,YES,Yes,No,No,No,No,NO,3 to 5 kilometers,Yes,No,No,Yes,,No
30806483,TAR/ASPHALT,YES,Yes,No,Yes,Yes,Yes,YES,,Yes,No,Yes,Yes,,No
30806611,GRADED GRAVELED,NO,No,No,No,Yes,No,NO,5 and above kilometers,Yes,No,Yes,No,6 to 10 kilometers,No
30806630,GRADED GRAVELED,YES,No,No,No,Yes,No,NO,,No,No,No,No,6 to 10 kilometers,No
30901029,GRADED GRAVELED,YES,No,No,No,No,No,NO,Under 2 kilometers,Yes,No,No,No,0 to 5 kilometes,No
30901054,GRADED GRAVELED,YES,No,No,No,Yes,No,NO,,Yes,No,No,Yes,,No
30901193,DIRT ROAD (MAINTAINED),NO,No,No,No,Yes,No,NO,,Yes,No,No,No,16 to 20 kilometers,No
30901253,DIRT TRACK,NO,No,No,No,No,No,NO,Under 2 kilometers,Yes,No,No,No,0 to 5 kilometes,No
30901275,GRADED GRAVELED,YES,Yes,No,No,No,No,NO,Under 2 kilometers,Yes,No,No,No,0 to 5 kilometes,No
30901320,DIRT TRACK,NO,No,No,No,No,No,NO,Under 2 kilometers,Yes,No,No,No,0 to 5 kilometes,No
30901380,DIRT ROAD (MAINTAINED),YES,No,No,No,No,No,NO,,Yes,No,No,No,0 to 5 kilometes,No
30901409,DIRT TRACK,NO,No,No,No,Yes,No,NO,,Yes,No,No,No,6 to 10 kilometers,No
30901475,GRADED GRAVELED,YES,Yes,No,No,No,No,NO,,No,No,No,No,6 to 10 kilometers,No
30901550,GRADED GRAVELED,YES,No,No,No,Yes,Yes,YES,,Yes,No,No,No,16 to 20 kilometers,No
30901569,GRADED GRAVELED,YES,Yes,No,No,Yes,No,NO,,Yes,No,No,Yes,,No
30901603,DIRT ROAD (MAINTAINED),YES,Yes,No,No,Yes,No,NO,,No,No,No,Yes,,No
30901715,DIRT ROAD (MAINTAINED),YES,Yes,No,No,Yes,No,NO,,Yes,No,No,No,0 to 5 kilometes,No
30901720,GRADED GRAVELED,YES,Yes,No,No,No,No,NO,Under 2 kilometers,Yes,No,No,No,0 to 5 kilometes,No
30901732,DIRT ROAD (MAINTAINED),YES,No,No,No,No,No,NO,Under 2 kilometers,Yes,No,No,No,0 to 5 kilometes,No
30901756,DIRT TRACK,NO,No,No,No,No,No,NO,,Yes,No,No,No,0 to 5 kilometes,No
30902236,GRADED GRAVELED,NO,Yes,No,No,No,No,NO,Under 2 kilometers,Yes,No,No,No,6 to 10 kilometers,No
30902299,DIRT TRACK,NO,No,No,No,No,No,NO,Under 2 kilometers,Yes,No,No,No,0 to 5 kilometes,No
30902346,GRADED GRAVELED,NO,No,No,No,No,No,NO,5 and above kilometers,Yes,No,Yes,No,0 to 5 kilometes,No
30902425,DIRT TRACK,NO,No,No,No,No,No,NO,Under 2 kilometers,Yes,No,No,No,6 to 10 kilometers,No
30902606,DIRT TRACK,YES,No,No,No,No,No,NO,Under 2 kilometers,No,No,No,No,0 to 5 kilometes,No
30903114,GRADED GRAVELED,NO,No,No,No,Yes,Yes,NO,3 to 5 kilometers,Yes,No,Yes,Yes,,No
30903528,DIRT TRACK,NO,No,No,No,No,No,NO,,Yes,No,No,No,6 to 10 kilometers,No
30920609,TAR/ASPHALT,YES,Yes,No,Yes,Yes,Yes,YES,,Yes,No,Yes,Yes,,Yes
31001034,TAR/ASPHALT,YES,Yes,No,No,No,No,NO,Under 2 kilometers,No,No,Yes,No,11 to 15 kilometers,No
31001092,DIRT ROAD (MAINTAINED),YES,No,No,No,No,No,NO,Under 2 kilometers,No,No,No,No,0 to 5 kilometes,No
31001123,DIRT ROAD (MAINTAINED),NO,No,No,No,No,No,NO,In the community,No,No,Yes,No,16 to 20 kilometers,No
31001228,DIRT TRACK,NO,No,No,No,No,No,NO,In the community,No,No,Yes,No,16 to 20 kilometers,No
31001242,DIRT ROAD (MAINTAINED),NO,No,No,No,No,No,NO,In the community,No,No,Yes,Yes,,No
31001333,DIRT ROAD (MAINTAINED),NO,No,No,No,No,No,NO,Under 2 kilometers,Yes,No,Yes,No,0 to 5 kilometes,No
31001647,DIRT TRACK,NO,No,No,No,No,No,NO,In the community,No,No,Yes,No,6 to 10 kilometers,No
31001749,DIRT ROAD (MAINTAINED),NO,No,No,No,No,No,NO,In the community,No,No,Yes,No,6 to 10 kilometers,No
31002169,TAR/ASPHALT,YES,Yes,No,Yes,No,No,YES,In the community,Yes,No,Yes,No,0 to 5 kilometes,No
31002245,TAR/ASPHALT,YES,Yes,No,No,No,No,YES,Under 2 kilometers,Yes,No,Yes,Yes,,No
31002677,TAR/ASPHALT,YES,Yes,No,Yes,No,No,YES,In the community,Yes,No,Yes,No,0 to 5 kilometes,No
31003100,DIRT TRACK,NO,No,No,No,No,No,NO,,Yes,No,Yes,No,16 to 20 kilometers,No
31003226,DIRT ROAD (MAINTAINED),NO,No,No,Yes,No,No,NO,In the community,Yes,No,Yes,Yes,,No
31003482,GRADED GRAVELED,NO,Yes,No,Yes,Yes,No,YES,In the community,No,No,Yes,No,6 to 10 kilometers,No
31003759,DIRT ROAD (MAINTAINED),NO,No,No,No,No,No,NO,3 to 5 kilometers,Yes,No,Yes,No,0 to 5 kilometes,No
31004098,DIRT ROAD (MAINTAINED),NO,No,No,No,No,No,NO,In the community,No,No,Yes,No,0 to 5 kilometes,No
31004312,DIRT ROAD (MAINTAINED),YES,No,No,No,No,No,NO,,No,No,Yes,No,0 to 5 kilometes,No
31005061,TAR/ASPHALT,YES,Yes,No,No,No,No,YES,Under 2 kilometers,No,No,Yes,No,6 to 10 kilometers,No
31006284,TAR/ASPHALT,YES,Yes,No,Yes,No,No,YES,In the community,Yes,No,Yes,No,6 to 10 kilometers,No
31006556,DIRT TRACK,YES,Yes,No,No,Yes,No,NO,,No,No,Yes,Yes,,No
31007335,DIRT TRACK,NO,No,No,No,No,No,NO,In the community,No,No,Yes,No,11 to 15 kilometers,No
31007544,GRADED GRAVELED,YES,No,No,No,No,No,NO,Under 2 kilometers,Yes,No,Yes,No,11 to 15 kilometers,No
31007549,GRADED GRAVELED,NO,Yes,No,No,No,No,NO,In the community,No,No,Yes,No,0 to 5 kilometes,No
31007645,DIRT ROAD (MAINTAINED),YES,Yes,No,No,No,No,NO,In the community,No,No,Yes,No,0 to 5 kilometes,No
31101009,DIRT TRACK,NO,Yes,No,Yes,Yes,No,YES,Under 2 kilometers,Yes,No,Yes,No,0 to 5 kilometes,No
31101399,DIRT ROAD (MAINTAINED),YES,No,No,No,No,Yes,YES,In the community,No,No,Yes,Yes,,No
31102266,GRADED GRAVELED,YES,Yes,No,No,No,No,NO,Under 2 kilometers,No,No,Yes,No,0 to 5 kilometes,No
31102591,DIRT TRACK,NO,No,No,No,No,No,NO,Under 2 kilometers,No,No,Yes,No,16 to 20 kilometers,No
31104086,GRADED GRAVELED,NO,Yes,No,Yes,Yes,No,YES,3 to 5 kilometers,No,No,Yes,No,0 to 5 kilometes,No
31104147,DIRT ROAD (MAINTAINED),NO,No,No,No,No,No,NO,In the community,No,No,Yes,No,0 to 5 kilometes,No
31104361,DIRT ROAD (MAINTAINED),NO,No,No,No,No,No,NO,In the community,No,No,No,No,6 to 10 kilometers,No
31104496,DIRT ROAD (MAINTAINED),YES,Yes,No,No,No,No,NO,,No,Yes,Yes,No,0 to 5 kilometes,No
31104691,GRADED GRAVELED,YES,Yes,No,No,No,No,NO,Under 2 kilometers,Yes,No,Yes,No,0 to 5 kilometes,No
31104696,DIRT ROAD (MAINTAINED),YES,Yes,No,No,No,No,NO,,Yes,No,Yes,No,0 to 5 kilometes,No
31105091,DIRT ROAD (MAINTAINED),YES,No,No,No,No,No,NO,,Yes,No,Yes,No,0 to 5 kilometes,No
31105559,DIRT ROAD (MAINTAINED),YES,No,No,No,No,No,NO,Under 2 kilometers,Yes,No,Yes,No,0 to 5 kilometes,No
31105581,GRADED GRAVELED,YES,No,No,No,No,No,NO,Under 2 kilometers,Yes,No,Yes,No,0 to 5 kilometes,No
31106066,DIRT ROAD (MAINTAINED),NO,No,No,No,No,No,NO,,No,No,No,No,0 to 5 kilometes,No
31106182,TAR/ASPHALT,YES,Yes,No,No,No,No,YES,Under 2 kilometers,No,No,Yes,Yes,,No
31106519,TAR/ASPHALT,YES,Yes,No,No,No,No,NO,In the community,No,No,Yes,No,0 to 5 kilometes,No
31106574,GRADED GRAVELED,YES,Yes,No,Yes,Yes,Yes,YES,In the community,No,No,Yes,No,0 to 5 kilometes,Yes
31106682,DIRT ROAD (MAINTAINED),NO,No,No,No,No,No,NO,In the community,No,No,Yes,No,0 to 5 kilometes,No
31107406,GRADED GRAVELED,YES,Yes,No,No,No,No,NO,Under 2 kilometers,No,No,Yes,No,6 to 10 kilometers,No
31108265,DIRT TRACK,NO,No,No,No,No,No,NO,In the community,No,No,Yes,No,6 to 10 kilometers,No
31108703,DIRT ROAD (MAINTAINED),YES,Yes,No,Yes,Yes,No,NO,Under 2 kilometers,Yes,Yes,Yes,Yes,,No
31110462,DIRT TRACK,NO,No,No,No,No,No,NO,Under 2 kilometers,Yes,No,Yes,No,21 to 25 kilometers,No
31120097,TAR/ASPHALT,YES,No,No,No,No,No,NO,Under 2 kilometers,Yes,No,Yes,No,0 to 5 kilometes,No
31120218,DIRT ROAD (MAINTAINED),YES,No,No,No,No,No,YES,Under 2 kilometers,No,No,Yes,No,0 to 5 kilometes,No
31201007,TAR/ASPHALT,YES,No,No,No,No,No,NO,Under 2 kilometers,Yes,No,No,No,6 to 10 kilometers,No
31201058,TAR/ASPHALT,YES,Yes,No,No,No,No,NO,Under 2 kilometers,No,No,No,No,6 to 10 kilometers,No
31201104,DIRT ROAD (MAINTAINED),NO,No,No,No,No,No,NO,Under 2 kilometers,Yes,No,Yes,No,11 to 15 kilometers,No
31201106,DIRT ROAD (MAINTAINED),NO,No,No,No,No,No,NO,Under 2 kilometers,Yes,No,Yes,No,6 to 10 kilometers,No
31201197,DIRT ROAD (MAINTAINED),NO,No,No,No,No,No,NO,3 to 5 kilometers,No,Yes,Yes,No,0 to 5 kilometes,No
31201230,DIRT ROAD (MAINTAINED),YES,No,No,No,No,No,NO,Under 2 kilometers,Yes,No,No,No,6 to 10 kilometers,No
31201234,DIRT ROAD (MAINTAINED),NO,No,No,No,No,No,NO,Under 2 kilometers,Yes,No,Yes,No,6 to 10 kilometers,No
31201250,DIRT ROAD (MAINTAINED),YES,No,No,No,No,No,NO,Under 2 kilometers,Yes,No,Yes,No,0 to 5 kilometes,No
31201350,DIRT ROAD (MAINTAINED),YES,No,No,Yes,Yes,No,NO,Under 2 kilometers,Yes,No,Yes,No,0 to 5 kilometes,No
31201516,DIRT ROAD (MAINTAINED),YES,No,No,No,No,No,NO,Under 2 kilometers,Yes,No,Yes,No,0 to 5 kilometes,No
31201726,DIRT ROAD (MAINTAINED),NO,No,No,No,No,No,NO,5 and above kilometers,Yes,No,Yes,Yes,,No
31201747,DIRT ROAD (MAINTAINED),YES,No,No,No,No,No,NO,Under 2 kilometers,Yes,No,Yes,No,6 to 10 kilometers,No
31201765,TAR/ASPHALT,YES,Yes,No,Yes,Yes,Yes,YES,5 and above kilometers,Yes,No,Yes,Yes,,No
31204138,DIRT ROAD (MAINTAINED),YES,No,No,Yes,Yes,No,NO,Under 2 kilometers,No,No,Yes,Yes,,No
31204184,DIRT ROAD (MAINTAINED),YES,Yes,No,Yes,Yes,No,NO,Under 2 kilometers,Yes,No,Yes,No,6 to 10 kilometers,No
31204209,DIRT ROAD (MAINTAINED),YES,No,No,No,No,No,NO,Under 2 kilometers,No,No,Yes,No,6 to 10 kilometers,No
31204267,DIRT ROAD (MAINTAINED),YES,No,No,No,No,No,NO,Under 2 kilometers,Yes,No,Yes,No,6 to 10 kilometers,No
31204390,DIRT ROAD (MAINTAINED),YES,Yes,No,No,No,No,NO,Under 2 kilometers,Yes,No,No,No,11 to 15 kilometers,No
31204410,TAR/ASPHALT,YES,Yes,No,Yes,Yes,No,NO,Under 2 kilometers,Yes,No,Yes,No,6 to 10 kilometers,No
31204489,DIRT ROAD (MAINTAINED),YES,No,No,Yes,Yes,Yes,YES,Under 2 kilometers,Yes,No,No,No,0 to 5 kilometes,No
31204532,DIRT ROAD (MAINTAINED),NO,No,No,No,No,No,NO,Under 2 kilometers,Yes,No,Yes,No,6 to 10 kilometers,No
31204618,DIRT ROAD (MAINTAINED),YES,No,No,No,No,No,NO,Under 2 kilometers,Yes,No,Yes,No,6 to 10 kilometers,No
31220487,DIRT ROAD (MAINTAINED),NO,Yes,Yes,Yes,No,Yes,YES,Under 2 kilometers,No,No,No,No,0 to 5 kilometes,No
31220637,TAR/ASPHALT,YES,Yes,No,Yes,Yes,Yes,YES,Under 2 kilometers,Yes,No,Yes,No,0 to 5 kilometes,Yes
31301246,DIRT ROAD (MAINTAINED),YES,No,No,No,No,No,NO,Under 2 kilometers,Yes,No,Yes,No,0 to 5 kilometes,No
31301304,DIRT ROAD (MAINTAINED),YES,No,No,No,Yes,No,NO,3 to 5 kilometers,Yes,No,Yes,No,Above 30 kilometers,No
31301385,GRADED GRAVELED,YES,Yes,No,No,No,No,NO,Under 2 kilometers,Yes,No,Yes,No,0 to 5 kilometes,No
31301560,DIRT ROAD (MAINTAINED),YES,No,No,No,No,No,NO,3 to 5 kilometers,Yes,No,Yes,No,0 to 5 kilometes,No
31301671,GRADED GRAVELED,NO,No,No,No,No,No,NO,5 and above kilometers,Yes,No,No,No,6 to 10 kilometers,No
31301683,GRADED GRAVELED,NO,No,No,No,No,No,NO,Under 2 kilometers,Yes,No,No,No,0 to 5 kilometes,No
31302162,GRADED GRAVELED,YES,Yes,No,No,No,No,NO,5 and above kilometers,Yes,No,No,No,16 to 20 kilometers,No
31302415,TAR/ASPHALT,YES,Yes,No,No,No,No,NO,,No,No,No,No,11 to 15 kilometers,No
31302578,DIRT TRACK,NO,No,No,No,No,No,NO,3 to 5 kilometers,No,No,No,No,Above 30 kilometers,No
31302651,GRADED GRAVELED,YES,Yes,No,No,Yes,No,NO,Under 2 kilometers,Yes,No,Yes,Yes,,No
31302761,DIRT ROAD (MAINTAINED),NO,No,No,No,No,No,NO,5 and above kilometers,No,No,No,No,Above 30 kilometers,No
31303067,GRADED GRAVELED,YES,No,No,Yes,Yes,No,NO,Under 2 kilometers,Yes,No,No,Yes,,No
31303263,GRADED GRAVELED,YES,No,No,No,No,No,NO,5 and above kilometers,Yes,No,No,No,0 to 5 kilometes,No
31303327,TAR/ASPHALT,YES,No,No,No,No,No,NO,Under 2 kilometers,Yes,No,No,No,0 to 5 kilometes,No
31303467,TAR/ASPHALT,YES,Yes,No,No,No,No,NO,Under 2 kilometers,Yes,No,Yes,No,6 to 10 kilometers,No
31303567,GRADED GRAVELED,YES,No,No,No,No,No,NO,5 and above kilometers,Yes,No,No,No,11 to 15 kilometers,No
31303585,GRADED GRAVELED,YES,No,No,No,No,No,NO,Under 2 kilometers,No,No,No,No,6 to 10 kilometers,No
31303610,DIRT ROAD (MAINTAINED),YES,No,No,No,No,No,NO,3 to 5 kilometers,Yes,No,Yes,No,0 to 5 kilometes,No
31303655,TAR/ASPHALT,YES,Yes,No,No,No,No,NO,5 and above kilometers,Yes,No,Yes,No,6 to 10 kilometers,No
31303757,GRADED GRAVELED,YES,Yes,No,No,Yes,Yes,NO,Under 2 kilometers,No,No,Yes,No,6 to 10 kilometers,No
31306166,DIRT ROAD (MAINTAINED),NO,No,No,Yes,No,No,NO,3 to 5 kilometers,No,No,Yes,No,16 to 20 kilometers,No
31306274,GRADED GRAVELED,NO,No,No,No,No,No,NO,5 and above kilometers,Yes,No,No,No,11 to 15 kilometers,No
31306500,DIRT ROAD (MAINTAINED),YES,No,No,No,No,No,NO,Under 2 kilometers,No,No,Yes,No,6 to 10 kilometers,No
31306719,GRADED GRAVELED,YES,No,No,No,No,No,NO,3 to 5 kilometers,No,No,No,No,6 to 10 kilometers,No
31431714,DIRT ROAD (MAINTAINED),YES,Yes,No,No,No,No,NO,Under 2 kilometers,Yes,Yes,Yes,No,0 to 5 kilometes,No
31432279,DIRT ROAD (MAINTAINED),YES,No,No,No,No,No,NO,Under 2 kilometers,Yes,No,Yes,No,0 to 5 kilometes,No
31432523,DIRT ROAD (MAINTAINED),YES,No,No,No,Yes,No,NO,Under 2 kilometers,Yes,No,Yes,Yes,,No
31432676,TAR/ASPHALT,YES,Yes,Yes,Yes,No,Yes,YES,Under 2 kilometers,Yes,Yes,Yes,Yes,,Yes
31434099,DIRT ROAD (MAINTAINED),YES,Yes,Yes,Yes,Yes,No,NO,Under 2 kilometers,Yes,No,Yes,No,0 to 5 kilometes,No
31435120,DIRT ROAD (MAINTAINED),YES,Yes,Yes,Yes,Yes,No,NO,Under 2 kilometers,Yes,No,Yes,No,11 to 15 kilometers,No
31435149,DIRT ROAD (MAINTAINED),NO,Yes,Yes,Yes,Yes,No,YES,Under 2 kilometers,Yes,No,Yes,No,0 to 5 kilometes,No
31435423,DIRT ROAD (MAINTAINED),YES,Yes,Yes,Yes,Yes,No,YES,3 to 5 kilometers,Yes,No,Yes,Yes,,No
31435753,DIRT ROAD (MAINTAINED),NO,No,Yes,Yes,Yes,No,NO,Under 2 kilometers,Yes,No,Yes,Yes,,No
31436063,DIRT ROAD (MAINTAINED),YES,No,Yes,Yes,Yes,No,YES,Under 2 kilometers,Yes,No,Yes,Yes,,No
31436695,GRADED GRAVELED,YES,No,Yes,Yes,Yes,No,NO,Under 2 kilometers,Yes,No,Yes,Yes,,Yes
31438563,TAR/ASPHALT,YES,Yes,Yes,Yes,No,No,YES,Under 2 kilometers,Yes,Yes,No,No,0 to 5 kilometes,No
31438622,DIRT ROAD (MAINTAINED),YES,Yes,Yes,Yes,No,No,YES,Under 2 kilometers,Yes,No,No,No,0 to 5 kilometes,No
31438689,DIRT ROAD (MAINTAINED),YES,Yes,Yes,Yes,No,No,YES,5 and above kilometers,Yes,No,Yes,Yes,,No
31438690,DIRT ROAD (MAINTAINED),YES,No,Yes,No,No,No,NO,Under 2 kilometers,Yes,No,Yes,No,0 to 5 kilometes,No
31439102,DIRT ROAD (MAINTAINED),YES,No,Yes,No,No,No,NO,Under 2 kilometers,Yes,No,No,No,0 to 5 kilometes,No
31440002,GRADED GRAVELED,YES,No,Yes,Yes,Yes,Yes,NO,Under 2 kilometers,Yes,No,Yes,No,0 to 5 kilometes,Yes
31440152,DIRT ROAD (MAINTAINED),YES,No,Yes,Yes,No,Yes,YES,Under 2 kilometers,Yes,Yes,Yes,Yes,,No
31441389,GRADED GRAVELED,NO,No,Yes,Yes,No,No,NO,Under 2 kilometers,Yes,No,Yes,No,0 to 5 kilometes,Yes
31442200,DIRT ROAD (MAINTAINED),YES,Yes,Yes,Yes,No,No,NO,Under 2 kilometers,Yes,No,No,Yes,,No
31442394,DIRT ROAD (MAINTAINED),YES,No,Yes,No,No,No,NO,Under 2 kilometers,Yes,No,No,Yes,,No
31442616,DIRT ROAD (MAINTAINED),YES,Yes,Yes,Yes,No,No,YES,Under 2 kilometers,Yes,No,Yes,Yes,,No
31443108,TAR/ASPHALT,YES,Yes,Yes,Yes,No,No,NO,Under 2 kilometers,Yes,No,Yes,Yes,,No
31443270,GRADED GRAVELED,YES,Yes,Yes,Yes,No,No,YES,Under 2 kilometers,Yes,Yes,Yes,No,0 to 5 kilometes,No
31531161,TAR/ASPHALT,YES,Yes,Yes,Yes,Yes,No,YES,Under 2 kilometers,Yes,Yes,Yes,Yes,,No
31531303,DIRT ROAD (MAINTAINED),YES,No,Yes,Yes,Yes,No,YES,Under 2 kilometers,Yes,Yes,Yes,Yes,,No
31532674,TAR/ASPHALT,YES,Yes,Yes,Yes,Yes,No,YES,3 to 5 kilometers,Yes,Yes,Yes,Yes,,No
31533095,TAR/ASPHALT,YES,Yes,Yes,Yes,Yes,Yes,YES,3 to 5 kilometers,Yes,No,Yes,No,6 to 10 kilometers,No
31534553,TAR/ASPHALT,YES,Yes,Yes,Yes,Yes,No,YES,5 and above kilometers,Yes,Yes,Yes,Yes,,No
31535633,TAR/ASPHALT,YES,Yes,Yes,Yes,Yes,No,YES,Under 2 kilometers,Yes,Yes,Yes,Yes,,Yes
31536118,TAR/ASPHALT,YES,Yes,Yes,Yes,No,Yes,YES,Under 2 kilometers,Yes,Yes,Yes,Yes,,Yes
31536257,TAR/ASPHALT,YES,Yes,Yes,Yes,No,Yes,YES,Under 2 kilometers,Yes,Yes,Yes,Yes,,Yes
31536751,DIRT ROAD (MAINTAINED),YES,Yes,Yes,Yes,Yes,Yes,YES,Under 2 kilometers,No,No,Yes,Yes,,Yes
31538278,TAR/ASPHALT,YES,Yes,Yes,No,No,No,YES,3 to 5 kilometers,Yes,Yes,Yes,Yes,,Yes
31539670,DIRT ROAD (MAINTAINED),YES,No,Yes,No,No,No,YES,3 to 5 kilometers,Yes,Yes,Yes,No,0 to 5 kilometes,No
31540003,TAR/ASPHALT,YES,Yes,Yes,Yes,Yes,No,YES,3 to 5 kilometers,Yes,Yes,Yes,Yes,,No
31540419,TAR/ASPHALT,YES,Yes,Yes,Yes,No,No,YES,Under 2 kilometers,No,No,Yes,Yes,,No
31541183,TAR/ASPHALT,YES,Yes,Yes,Yes,Yes,No,YES,3 to 5 kilometers,Yes,Yes,Yes,No,6 to 10 kilometers,No
31545384,DIRT ROAD (MAINTAINED),YES,Yes,Yes,Yes,Yes,Yes,YES,Under 2 kilometers,Yes,Yes,Yes,Yes,,Yes
31546760,TAR/ASPHALT,YES,Yes,Yes,Yes,Yes,No,YES,Under 2 kilometers,Yes,Yes,Yes,Yes,,Yes
31547429,TAR/ASPHALT,YES,Yes,Yes,Yes,Yes,Yes,YES,Under 2 kilometers,Yes,Yes,Yes,Yes,,Yes
31548148,TAR/ASPHALT,YES,Yes,Yes,No,No,No,YES,Under 2 kilometers,Yes,Yes,Yes,Yes,,Yes
31550254,TAR/ASPHALT,YES,Yes,Yes,Yes,Yes,Yes,YES,Under 2 kilometers,Yes,Yes,Yes,Yes,,Yes
31552612,TAR/ASPHALT,YES,Yes,Yes,Yes,Yes,Yes,YES,Under 2 kilometers,Yes,Yes,Yes,Yes,,No
31552686,TAR/ASPHALT,YES,Yes,Yes,Yes,Yes,Yes,YES,Under 2 kilometers,Yes,Yes,Yes,Yes,,Yes
31553237,GRADED GRAVELED,YES,Yes,Yes,Yes,Yes,No,YES,3 to 5 kilometers,Yes,No,Yes,No,6 to 10 kilometers,No
31554613,DIRT ROAD (MAINTAINED),YES,Yes,Yes,Yes,Yes,No,YES,Under 2 kilometers,Yes,No,Yes,No,6 to 10 kilometers,No
31555614,DIRT ROAD (MAINTAINED),YES,No,Yes,No,Yes,No,YES,Under 2 kilometers,Yes,No,Yes,No,6 to 10 kilometers,No
